2026-04-06 12:51:31.965 -05:00 [INF] JobProcessorBackgroundService iniciado.
2026-04-06 13:21:36.911 -05:00 [INF] Subiendo archivo rut juan pablo rios.pdf a GCS como documents/2026/04/06/9ee5748f-c457-4248-9eb2-afc772e62041/rut juan pablo rios.pdf
2026-04-06 13:21:38.962 -05:00 [INF] Archivo subido exitosamente: documents/2026/04/06/9ee5748f-c457-4248-9eb2-afc772e62041/rut juan pablo rios.pdf
2026-04-06 13:21:39.157 -05:00 [ERR] Failed executing DbCommand (34ms) [Parameters=[@p8='?' (DbType = Guid), @p0='?' (DbType = Guid), @p1='?', @p2='?' (DbType = DateTime), @p3='?', @p4='?' (DbType = Int32), @p5='?', @p6='?', @p7='?', @p9='?' (DbType = Guid), @p10='?' (DbType = Int32), @p11='?' (DbType = DateTime), @p12='?' (DbType = Guid), @p13='?', @p14='?' (DbType = DateTime), @p15='?', @p16='?', @p17='?', @p18='?' (DbType = DateTime), @p19='?', @p20='?' (DbType = Guid)], CommandType='"Text"', CommandTimeout='30']
UPDATE "DocumentFiles" SET "BatchId" = @p0, "ContentType" = @p1, "CreatedAt" = @p2, "OriginalFileName" = @p3, "PageCount" = @p4, "Sha256" = @p5, "Status" = @p6, "StoragePath" = @p7
WHERE "Id" = @p8;
INSERT INTO "ExtractionJobs" ("Id", "Attempts", "CreatedAt", "DocumentFileId", "ErrorMessage", "FinishedAt", "Model", "PromptVersion", "Provider", "StartedAt", "Status", "TemplateId")
VALUES (@p9, @p10, @p11, @p12, @p13, @p14, @p15, @p16, @p17, @p18, @p19, @p20);
2026-04-06 13:21:39.295 -05:00 [ERR] An exception occurred in the database while saving changes for context type 'ComponentesIA.Infrastructure.Persistence.AppDbContext'.
Microsoft.EntityFrameworkCore.DbUpdateException: An error occurred while saving the entity changes. See the inner exception for details.
 ---> Npgsql.PostgresException (0x80004005): 23503: inserción o actualización en la tabla «ExtractionJobs» viola la llave foránea «FK_ExtractionJobs_DocumentFiles_DocumentFileId»

DETAIL: Detail redacted as it may contain sensitive data. Specify 'Include Error Detail' in the connection string to include this information.
   at Npgsql.Internal.NpgsqlConnector.ReadMessageLong(Boolean async, DataRowLoadingMode dataRowLoadingMode, Boolean readingNotifications, Boolean isReadingPrependedMessage)
   at System.Runtime.CompilerServices.PoolingAsyncValueTaskMethodBuilder`1.StateMachineBox`1.System.Threading.Tasks.Sources.IValueTaskSource<TResult>.GetResult(Int16 token)
   at Npgsql.NpgsqlDataReader.NextResult(Boolean async, Boolean isConsuming, CancellationToken cancellationToken)
   at Npgsql.NpgsqlDataReader.NextResult(Boolean async, Boolean isConsuming, CancellationToken cancellationToken)
   at Npgsql.NpgsqlCommand.ExecuteReader(Boolean async, CommandBehavior behavior, CancellationToken cancellationToken)
   at Npgsql.NpgsqlCommand.ExecuteReader(Boolean async, CommandBehavior behavior, CancellationToken cancellationToken)
   at Npgsql.NpgsqlCommand.ExecuteDbDataReaderAsync(CommandBehavior behavior, CancellationToken cancellationToken)
   at Microsoft.EntityFrameworkCore.Storage.RelationalCommand.ExecuteReaderAsync(RelationalCommandParameterObject parameterObject, CancellationToken cancellationToken)
   at Microsoft.EntityFrameworkCore.Storage.RelationalCommand.ExecuteReaderAsync(RelationalCommandParameterObject parameterObject, CancellationToken cancellationToken)
   at Microsoft.EntityFrameworkCore.Update.ReaderModificationCommandBatch.ExecuteAsync(IRelationalConnection connection, CancellationToken cancellationToken)
  Exception data:
    Severity: ERROR
    SqlState: 23503
    MessageText: inserción o actualización en la tabla «ExtractionJobs» viola la llave foránea «FK_ExtractionJobs_DocumentFiles_DocumentFileId»
    Detail: Detail redacted as it may contain sensitive data. Specify 'Include Error Detail' in the connection string to include this information.
    SchemaName: public
    TableName: ExtractionJobs
    ConstraintName: FK_ExtractionJobs_DocumentFiles_DocumentFileId
    File: ri_triggers.c
    Line: 2619
    Routine: ri_ReportViolation
   --- End of inner exception stack trace ---
   at Microsoft.EntityFrameworkCore.Update.ReaderModificationCommandBatch.ExecuteAsync(IRelationalConnection connection, CancellationToken cancellationToken)
   at Microsoft.EntityFrameworkCore.Update.Internal.BatchExecutor.ExecuteAsync(IEnumerable`1 commandBatches, IRelationalConnection connection, CancellationToken cancellationToken)
   at Microsoft.EntityFrameworkCore.Update.Internal.BatchExecutor.ExecuteAsync(IEnumerable`1 commandBatches, IRelationalConnection connection, CancellationToken cancellationToken)
   at Microsoft.EntityFrameworkCore.Update.Internal.BatchExecutor.ExecuteAsync(IEnumerable`1 commandBatches, IRelationalConnection connection, CancellationToken cancellationToken)
   at Microsoft.EntityFrameworkCore.Storage.RelationalDatabase.SaveChangesAsync(IList`1 entries, CancellationToken cancellationToken)
   at Microsoft.EntityFrameworkCore.ChangeTracking.Internal.StateManager.SaveChangesAsync(IList`1 entriesToSave, CancellationToken cancellationToken)
   at Microsoft.EntityFrameworkCore.ChangeTracking.Internal.StateManager.SaveChangesAsync(StateManager stateManager, Boolean acceptAllChangesOnSuccess, CancellationToken cancellationToken)
   at Npgsql.EntityFrameworkCore.PostgreSQL.Storage.Internal.NpgsqlExecutionStrategy.ExecuteAsync[TState,TResult](TState state, Func`4 operation, Func`4 verifySucceeded, CancellationToken cancellationToken)
   at Microsoft.EntityFrameworkCore.DbContext.SaveChangesAsync(Boolean acceptAllChangesOnSuccess, CancellationToken cancellationToken)
Microsoft.EntityFrameworkCore.DbUpdateException: An error occurred while saving the entity changes. See the inner exception for details.
 ---> Npgsql.PostgresException (0x80004005): 23503: inserción o actualización en la tabla «ExtractionJobs» viola la llave foránea «FK_ExtractionJobs_DocumentFiles_DocumentFileId»

DETAIL: Detail redacted as it may contain sensitive data. Specify 'Include Error Detail' in the connection string to include this information.
   at Npgsql.Internal.NpgsqlConnector.ReadMessageLong(Boolean async, DataRowLoadingMode dataRowLoadingMode, Boolean readingNotifications, Boolean isReadingPrependedMessage)
   at System.Runtime.CompilerServices.PoolingAsyncValueTaskMethodBuilder`1.StateMachineBox`1.System.Threading.Tasks.Sources.IValueTaskSource<TResult>.GetResult(Int16 token)
   at Npgsql.NpgsqlDataReader.NextResult(Boolean async, Boolean isConsuming, CancellationToken cancellationToken)
   at Npgsql.NpgsqlDataReader.NextResult(Boolean async, Boolean isConsuming, CancellationToken cancellationToken)
   at Npgsql.NpgsqlCommand.ExecuteReader(Boolean async, CommandBehavior behavior, CancellationToken cancellationToken)
   at Npgsql.NpgsqlCommand.ExecuteReader(Boolean async, CommandBehavior behavior, CancellationToken cancellationToken)
   at Npgsql.NpgsqlCommand.ExecuteDbDataReaderAsync(CommandBehavior behavior, CancellationToken cancellationToken)
   at Microsoft.EntityFrameworkCore.Storage.RelationalCommand.ExecuteReaderAsync(RelationalCommandParameterObject parameterObject, CancellationToken cancellationToken)
   at Microsoft.EntityFrameworkCore.Storage.RelationalCommand.ExecuteReaderAsync(RelationalCommandParameterObject parameterObject, CancellationToken cancellationToken)
   at Microsoft.EntityFrameworkCore.Update.ReaderModificationCommandBatch.ExecuteAsync(IRelationalConnection connection, CancellationToken cancellationToken)
  Exception data:
    Severity: ERROR
    SqlState: 23503
    MessageText: inserción o actualización en la tabla «ExtractionJobs» viola la llave foránea «FK_ExtractionJobs_DocumentFiles_DocumentFileId»
    Detail: Detail redacted as it may contain sensitive data. Specify 'Include Error Detail' in the connection string to include this information.
    SchemaName: public
    TableName: ExtractionJobs
    ConstraintName: FK_ExtractionJobs_DocumentFiles_DocumentFileId
    File: ri_triggers.c
    Line: 2619
    Routine: ri_ReportViolation
   --- End of inner exception stack trace ---
   at Microsoft.EntityFrameworkCore.Update.ReaderModificationCommandBatch.ExecuteAsync(IRelationalConnection connection, CancellationToken cancellationToken)
   at Microsoft.EntityFrameworkCore.Update.Internal.BatchExecutor.ExecuteAsync(IEnumerable`1 commandBatches, IRelationalConnection connection, CancellationToken cancellationToken)
   at Microsoft.EntityFrameworkCore.Update.Internal.BatchExecutor.ExecuteAsync(IEnumerable`1 commandBatches, IRelationalConnection connection, CancellationToken cancellationToken)
   at Microsoft.EntityFrameworkCore.Update.Internal.BatchExecutor.ExecuteAsync(IEnumerable`1 commandBatches, IRelationalConnection connection, CancellationToken cancellationToken)
   at Microsoft.EntityFrameworkCore.Storage.RelationalDatabase.SaveChangesAsync(IList`1 entries, CancellationToken cancellationToken)
   at Microsoft.EntityFrameworkCore.ChangeTracking.Internal.StateManager.SaveChangesAsync(IList`1 entriesToSave, CancellationToken cancellationToken)
   at Microsoft.EntityFrameworkCore.ChangeTracking.Internal.StateManager.SaveChangesAsync(StateManager stateManager, Boolean acceptAllChangesOnSuccess, CancellationToken cancellationToken)
   at Npgsql.EntityFrameworkCore.PostgreSQL.Storage.Internal.NpgsqlExecutionStrategy.ExecuteAsync[TState,TResult](TState state, Func`4 operation, Func`4 verifySucceeded, CancellationToken cancellationToken)
   at Microsoft.EntityFrameworkCore.DbContext.SaveChangesAsync(Boolean acceptAllChangesOnSuccess, CancellationToken cancellationToken)
2026-04-06 13:21:39.660 -05:00 [ERR] Ocurrió una excepción no controlada: An error occurred while saving the entity changes. See the inner exception for details.
Microsoft.EntityFrameworkCore.DbUpdateException: An error occurred while saving the entity changes. See the inner exception for details.
 ---> Npgsql.PostgresException (0x80004005): 23503: inserción o actualización en la tabla «ExtractionJobs» viola la llave foránea «FK_ExtractionJobs_DocumentFiles_DocumentFileId»

DETAIL: Detail redacted as it may contain sensitive data. Specify 'Include Error Detail' in the connection string to include this information.
   at Npgsql.Internal.NpgsqlConnector.ReadMessageLong(Boolean async, DataRowLoadingMode dataRowLoadingMode, Boolean readingNotifications, Boolean isReadingPrependedMessage)
   at System.Runtime.CompilerServices.PoolingAsyncValueTaskMethodBuilder`1.StateMachineBox`1.System.Threading.Tasks.Sources.IValueTaskSource<TResult>.GetResult(Int16 token)
   at Npgsql.NpgsqlDataReader.NextResult(Boolean async, Boolean isConsuming, CancellationToken cancellationToken)
   at Npgsql.NpgsqlDataReader.NextResult(Boolean async, Boolean isConsuming, CancellationToken cancellationToken)
   at Npgsql.NpgsqlCommand.ExecuteReader(Boolean async, CommandBehavior behavior, CancellationToken cancellationToken)
   at Npgsql.NpgsqlCommand.ExecuteReader(Boolean async, CommandBehavior behavior, CancellationToken cancellationToken)
   at Npgsql.NpgsqlCommand.ExecuteDbDataReaderAsync(CommandBehavior behavior, CancellationToken cancellationToken)
   at Microsoft.EntityFrameworkCore.Storage.RelationalCommand.ExecuteReaderAsync(RelationalCommandParameterObject parameterObject, CancellationToken cancellationToken)
   at Microsoft.EntityFrameworkCore.Storage.RelationalCommand.ExecuteReaderAsync(RelationalCommandParameterObject parameterObject, CancellationToken cancellationToken)
   at Microsoft.EntityFrameworkCore.Update.ReaderModificationCommandBatch.ExecuteAsync(IRelationalConnection connection, CancellationToken cancellationToken)
  Exception data:
    Severity: ERROR
    SqlState: 23503
    MessageText: inserción o actualización en la tabla «ExtractionJobs» viola la llave foránea «FK_ExtractionJobs_DocumentFiles_DocumentFileId»
    Detail: Detail redacted as it may contain sensitive data. Specify 'Include Error Detail' in the connection string to include this information.
    SchemaName: public
    TableName: ExtractionJobs
    ConstraintName: FK_ExtractionJobs_DocumentFiles_DocumentFileId
    File: ri_triggers.c
    Line: 2619
    Routine: ri_ReportViolation
   --- End of inner exception stack trace ---
   at Microsoft.EntityFrameworkCore.Update.ReaderModificationCommandBatch.ExecuteAsync(IRelationalConnection connection, CancellationToken cancellationToken)
   at Microsoft.EntityFrameworkCore.Update.Internal.BatchExecutor.ExecuteAsync(IEnumerable`1 commandBatches, IRelationalConnection connection, CancellationToken cancellationToken)
   at Microsoft.EntityFrameworkCore.Update.Internal.BatchExecutor.ExecuteAsync(IEnumerable`1 commandBatches, IRelationalConnection connection, CancellationToken cancellationToken)
   at Microsoft.EntityFrameworkCore.Update.Internal.BatchExecutor.ExecuteAsync(IEnumerable`1 commandBatches, IRelationalConnection connection, CancellationToken cancellationToken)
   at Microsoft.EntityFrameworkCore.Storage.RelationalDatabase.SaveChangesAsync(IList`1 entries, CancellationToken cancellationToken)
   at Microsoft.EntityFrameworkCore.ChangeTracking.Internal.StateManager.SaveChangesAsync(IList`1 entriesToSave, CancellationToken cancellationToken)
   at Microsoft.EntityFrameworkCore.ChangeTracking.Internal.StateManager.SaveChangesAsync(StateManager stateManager, Boolean acceptAllChangesOnSuccess, CancellationToken cancellationToken)
   at Npgsql.EntityFrameworkCore.PostgreSQL.Storage.Internal.NpgsqlExecutionStrategy.ExecuteAsync[TState,TResult](TState state, Func`4 operation, Func`4 verifySucceeded, CancellationToken cancellationToken)
   at Microsoft.EntityFrameworkCore.DbContext.SaveChangesAsync(Boolean acceptAllChangesOnSuccess, CancellationToken cancellationToken)
   at Microsoft.EntityFrameworkCore.DbContext.SaveChangesAsync(Boolean acceptAllChangesOnSuccess, CancellationToken cancellationToken)
   at ComponentesIA.Application.UseCases.DocumentBatchService.CreateBatchAsync(CreateBatchDto dto, IReadOnlyList`1 files, CancellationToken ct) in C:\proyecto-personal\pry-IA\pryAPI\ComponentesIA\Application\UseCases\DocumentBatchService.cs:line 123
   at ComponentesIA.Controllers.ExtractionBatchesController.CreateBatch(CreateBatchDto dto, IReadOnlyList`1 files, CancellationToken ct) in C:\proyecto-personal\pry-IA\pryAPI\ComponentesIA\Controllers\ExtractionBatchesController.cs:line 29
   at Microsoft.AspNetCore.Mvc.Infrastructure.ActionMethodExecutor.TaskOfIActionResultExecutor.Execute(ActionContext actionContext, IActionResultTypeMapper mapper, ObjectMethodExecutor executor, Object controller, Object[] arguments)
   at Microsoft.AspNetCore.Mvc.Infrastructure.ControllerActionInvoker.<InvokeActionMethodAsync>g__Awaited|12_0(ControllerActionInvoker invoker, ValueTask`1 actionResultValueTask)
   at Microsoft.AspNetCore.Mvc.Infrastructure.ControllerActionInvoker.<InvokeNextActionFilterAsync>g__Awaited|10_0(ControllerActionInvoker invoker, Task lastTask, State next, Scope scope, Object state, Boolean isCompleted)
   at Microsoft.AspNetCore.Mvc.Infrastructure.ControllerActionInvoker.Rethrow(ActionExecutedContextSealed context)
   at Microsoft.AspNetCore.Mvc.Infrastructure.ControllerActionInvoker.Next(State& next, Scope& scope, Object& state, Boolean& isCompleted)
   at Microsoft.AspNetCore.Mvc.Infrastructure.ControllerActionInvoker.<InvokeInnerFilterAsync>g__Awaited|13_0(ControllerActionInvoker invoker, Task lastTask, State next, Scope scope, Object state, Boolean isCompleted)
   at Microsoft.AspNetCore.Mvc.Infrastructure.ResourceInvoker.<InvokeFilterPipelineAsync>g__Awaited|20_0(ResourceInvoker invoker, Task lastTask, State next, Scope scope, Object state, Boolean isCompleted)
   at Microsoft.AspNetCore.Mvc.Infrastructure.ResourceInvoker.<InvokeAsync>g__Awaited|17_0(ResourceInvoker invoker, Task task, IDisposable scope)
   at Microsoft.AspNetCore.Mvc.Infrastructure.ResourceInvoker.<InvokeAsync>g__Awaited|17_0(ResourceInvoker invoker, Task task, IDisposable scope)
   at Microsoft.AspNetCore.Authorization.AuthorizationMiddleware.Invoke(HttpContext context)
   at Microsoft.AspNetCore.Authentication.AuthenticationMiddleware.Invoke(HttpContext context)
   at ComponentesIA.Middleware.ExceptionHandlingMiddleware.InvokeAsync(HttpContext httpContext) in C:\proyecto-personal\pry-IA\pryAPI\ComponentesIA\Middleware\ExceptionHandlingMiddleware.cs:line 25
2026-04-06 13:21:53.782 -05:00 [INF] Subiendo archivo rut juan pablo rios.pdf a GCS como documents/2026/04/06/0c9457e8-68e4-4036-84d8-fa077c353139/rut juan pablo rios.pdf
2026-04-06 13:21:55.177 -05:00 [INF] Archivo subido exitosamente: documents/2026/04/06/0c9457e8-68e4-4036-84d8-fa077c353139/rut juan pablo rios.pdf
2026-04-06 13:21:55.190 -05:00 [ERR] Failed executing DbCommand (5ms) [Parameters=[@p8='?' (DbType = Guid), @p0='?' (DbType = Guid), @p1='?', @p2='?' (DbType = DateTime), @p3='?', @p4='?' (DbType = Int32), @p5='?', @p6='?', @p7='?', @p9='?' (DbType = Guid), @p10='?' (DbType = Int32), @p11='?' (DbType = DateTime), @p12='?' (DbType = Guid), @p13='?', @p14='?' (DbType = DateTime), @p15='?', @p16='?', @p17='?', @p18='?' (DbType = DateTime), @p19='?', @p20='?' (DbType = Guid)], CommandType='"Text"', CommandTimeout='30']
UPDATE "DocumentFiles" SET "BatchId" = @p0, "ContentType" = @p1, "CreatedAt" = @p2, "OriginalFileName" = @p3, "PageCount" = @p4, "Sha256" = @p5, "Status" = @p6, "StoragePath" = @p7
WHERE "Id" = @p8;
INSERT INTO "ExtractionJobs" ("Id", "Attempts", "CreatedAt", "DocumentFileId", "ErrorMessage", "FinishedAt", "Model", "PromptVersion", "Provider", "StartedAt", "Status", "TemplateId")
VALUES (@p9, @p10, @p11, @p12, @p13, @p14, @p15, @p16, @p17, @p18, @p19, @p20);
2026-04-06 13:21:55.216 -05:00 [ERR] An exception occurred in the database while saving changes for context type 'ComponentesIA.Infrastructure.Persistence.AppDbContext'.
Microsoft.EntityFrameworkCore.DbUpdateException: An error occurred while saving the entity changes. See the inner exception for details.
 ---> Npgsql.PostgresException (0x80004005): 23503: inserción o actualización en la tabla «ExtractionJobs» viola la llave foránea «FK_ExtractionJobs_DocumentFiles_DocumentFileId»

DETAIL: Detail redacted as it may contain sensitive data. Specify 'Include Error Detail' in the connection string to include this information.
   at Npgsql.Internal.NpgsqlConnector.ReadMessageLong(Boolean async, DataRowLoadingMode dataRowLoadingMode, Boolean readingNotifications, Boolean isReadingPrependedMessage)
   at System.Runtime.CompilerServices.PoolingAsyncValueTaskMethodBuilder`1.StateMachineBox`1.System.Threading.Tasks.Sources.IValueTaskSource<TResult>.GetResult(Int16 token)
   at Npgsql.NpgsqlDataReader.NextResult(Boolean async, Boolean isConsuming, CancellationToken cancellationToken)
   at Npgsql.NpgsqlDataReader.NextResult(Boolean async, Boolean isConsuming, CancellationToken cancellationToken)
   at Npgsql.NpgsqlCommand.ExecuteReader(Boolean async, CommandBehavior behavior, CancellationToken cancellationToken)
   at Npgsql.NpgsqlCommand.ExecuteReader(Boolean async, CommandBehavior behavior, CancellationToken cancellationToken)
   at Npgsql.NpgsqlCommand.ExecuteDbDataReaderAsync(CommandBehavior behavior, CancellationToken cancellationToken)
   at Microsoft.EntityFrameworkCore.Storage.RelationalCommand.ExecuteReaderAsync(RelationalCommandParameterObject parameterObject, CancellationToken cancellationToken)
   at Microsoft.EntityFrameworkCore.Storage.RelationalCommand.ExecuteReaderAsync(RelationalCommandParameterObject parameterObject, CancellationToken cancellationToken)
   at Microsoft.EntityFrameworkCore.Update.ReaderModificationCommandBatch.ExecuteAsync(IRelationalConnection connection, CancellationToken cancellationToken)
  Exception data:
    Severity: ERROR
    SqlState: 23503
    MessageText: inserción o actualización en la tabla «ExtractionJobs» viola la llave foránea «FK_ExtractionJobs_DocumentFiles_DocumentFileId»
    Detail: Detail redacted as it may contain sensitive data. Specify 'Include Error Detail' in the connection string to include this information.
    SchemaName: public
    TableName: ExtractionJobs
    ConstraintName: FK_ExtractionJobs_DocumentFiles_DocumentFileId
    File: ri_triggers.c
    Line: 2619
    Routine: ri_ReportViolation
   --- End of inner exception stack trace ---
   at Microsoft.EntityFrameworkCore.Update.ReaderModificationCommandBatch.ExecuteAsync(IRelationalConnection connection, CancellationToken cancellationToken)
   at Microsoft.EntityFrameworkCore.Update.Internal.BatchExecutor.ExecuteAsync(IEnumerable`1 commandBatches, IRelationalConnection connection, CancellationToken cancellationToken)
   at Microsoft.EntityFrameworkCore.Update.Internal.BatchExecutor.ExecuteAsync(IEnumerable`1 commandBatches, IRelationalConnection connection, CancellationToken cancellationToken)
   at Microsoft.EntityFrameworkCore.Update.Internal.BatchExecutor.ExecuteAsync(IEnumerable`1 commandBatches, IRelationalConnection connection, CancellationToken cancellationToken)
   at Microsoft.EntityFrameworkCore.Storage.RelationalDatabase.SaveChangesAsync(IList`1 entries, CancellationToken cancellationToken)
   at Microsoft.EntityFrameworkCore.ChangeTracking.Internal.StateManager.SaveChangesAsync(IList`1 entriesToSave, CancellationToken cancellationToken)
   at Microsoft.EntityFrameworkCore.ChangeTracking.Internal.StateManager.SaveChangesAsync(StateManager stateManager, Boolean acceptAllChangesOnSuccess, CancellationToken cancellationToken)
   at Npgsql.EntityFrameworkCore.PostgreSQL.Storage.Internal.NpgsqlExecutionStrategy.ExecuteAsync[TState,TResult](TState state, Func`4 operation, Func`4 verifySucceeded, CancellationToken cancellationToken)
   at Microsoft.EntityFrameworkCore.DbContext.SaveChangesAsync(Boolean acceptAllChangesOnSuccess, CancellationToken cancellationToken)
Microsoft.EntityFrameworkCore.DbUpdateException: An error occurred while saving the entity changes. See the inner exception for details.
 ---> Npgsql.PostgresException (0x80004005): 23503: inserción o actualización en la tabla «ExtractionJobs» viola la llave foránea «FK_ExtractionJobs_DocumentFiles_DocumentFileId»

DETAIL: Detail redacted as it may contain sensitive data. Specify 'Include Error Detail' in the connection string to include this information.
   at Npgsql.Internal.NpgsqlConnector.ReadMessageLong(Boolean async, DataRowLoadingMode dataRowLoadingMode, Boolean readingNotifications, Boolean isReadingPrependedMessage)
   at System.Runtime.CompilerServices.PoolingAsyncValueTaskMethodBuilder`1.StateMachineBox`1.System.Threading.Tasks.Sources.IValueTaskSource<TResult>.GetResult(Int16 token)
   at Npgsql.NpgsqlDataReader.NextResult(Boolean async, Boolean isConsuming, CancellationToken cancellationToken)
   at Npgsql.NpgsqlDataReader.NextResult(Boolean async, Boolean isConsuming, CancellationToken cancellationToken)
   at Npgsql.NpgsqlCommand.ExecuteReader(Boolean async, CommandBehavior behavior, CancellationToken cancellationToken)
   at Npgsql.NpgsqlCommand.ExecuteReader(Boolean async, CommandBehavior behavior, CancellationToken cancellationToken)
   at Npgsql.NpgsqlCommand.ExecuteDbDataReaderAsync(CommandBehavior behavior, CancellationToken cancellationToken)
   at Microsoft.EntityFrameworkCore.Storage.RelationalCommand.ExecuteReaderAsync(RelationalCommandParameterObject parameterObject, CancellationToken cancellationToken)
   at Microsoft.EntityFrameworkCore.Storage.RelationalCommand.ExecuteReaderAsync(RelationalCommandParameterObject parameterObject, CancellationToken cancellationToken)
   at Microsoft.EntityFrameworkCore.Update.ReaderModificationCommandBatch.ExecuteAsync(IRelationalConnection connection, CancellationToken cancellationToken)
  Exception data:
    Severity: ERROR
    SqlState: 23503
    MessageText: inserción o actualización en la tabla «ExtractionJobs» viola la llave foránea «FK_ExtractionJobs_DocumentFiles_DocumentFileId»
    Detail: Detail redacted as it may contain sensitive data. Specify 'Include Error Detail' in the connection string to include this information.
    SchemaName: public
    TableName: ExtractionJobs
    ConstraintName: FK_ExtractionJobs_DocumentFiles_DocumentFileId
    File: ri_triggers.c
    Line: 2619
    Routine: ri_ReportViolation
   --- End of inner exception stack trace ---
   at Microsoft.EntityFrameworkCore.Update.ReaderModificationCommandBatch.ExecuteAsync(IRelationalConnection connection, CancellationToken cancellationToken)
   at Microsoft.EntityFrameworkCore.Update.Internal.BatchExecutor.ExecuteAsync(IEnumerable`1 commandBatches, IRelationalConnection connection, CancellationToken cancellationToken)
   at Microsoft.EntityFrameworkCore.Update.Internal.BatchExecutor.ExecuteAsync(IEnumerable`1 commandBatches, IRelationalConnection connection, CancellationToken cancellationToken)
   at Microsoft.EntityFrameworkCore.Update.Internal.BatchExecutor.ExecuteAsync(IEnumerable`1 commandBatches, IRelationalConnection connection, CancellationToken cancellationToken)
   at Microsoft.EntityFrameworkCore.Storage.RelationalDatabase.SaveChangesAsync(IList`1 entries, CancellationToken cancellationToken)
   at Microsoft.EntityFrameworkCore.ChangeTracking.Internal.StateManager.SaveChangesAsync(IList`1 entriesToSave, CancellationToken cancellationToken)
   at Microsoft.EntityFrameworkCore.ChangeTracking.Internal.StateManager.SaveChangesAsync(StateManager stateManager, Boolean acceptAllChangesOnSuccess, CancellationToken cancellationToken)
   at Npgsql.EntityFrameworkCore.PostgreSQL.Storage.Internal.NpgsqlExecutionStrategy.ExecuteAsync[TState,TResult](TState state, Func`4 operation, Func`4 verifySucceeded, CancellationToken cancellationToken)
   at Microsoft.EntityFrameworkCore.DbContext.SaveChangesAsync(Boolean acceptAllChangesOnSuccess, CancellationToken cancellationToken)
2026-04-06 13:21:55.381 -05:00 [ERR] Ocurrió una excepción no controlada: An error occurred while saving the entity changes. See the inner exception for details.
Microsoft.EntityFrameworkCore.DbUpdateException: An error occurred while saving the entity changes. See the inner exception for details.
 ---> Npgsql.PostgresException (0x80004005): 23503: inserción o actualización en la tabla «ExtractionJobs» viola la llave foránea «FK_ExtractionJobs_DocumentFiles_DocumentFileId»

DETAIL: Detail redacted as it may contain sensitive data. Specify 'Include Error Detail' in the connection string to include this information.
   at Npgsql.Internal.NpgsqlConnector.ReadMessageLong(Boolean async, DataRowLoadingMode dataRowLoadingMode, Boolean readingNotifications, Boolean isReadingPrependedMessage)
   at System.Runtime.CompilerServices.PoolingAsyncValueTaskMethodBuilder`1.StateMachineBox`1.System.Threading.Tasks.Sources.IValueTaskSource<TResult>.GetResult(Int16 token)
   at Npgsql.NpgsqlDataReader.NextResult(Boolean async, Boolean isConsuming, CancellationToken cancellationToken)
   at Npgsql.NpgsqlDataReader.NextResult(Boolean async, Boolean isConsuming, CancellationToken cancellationToken)
   at Npgsql.NpgsqlCommand.ExecuteReader(Boolean async, CommandBehavior behavior, CancellationToken cancellationToken)
   at Npgsql.NpgsqlCommand.ExecuteReader(Boolean async, CommandBehavior behavior, CancellationToken cancellationToken)
   at Npgsql.NpgsqlCommand.ExecuteDbDataReaderAsync(CommandBehavior behavior, CancellationToken cancellationToken)
   at Microsoft.EntityFrameworkCore.Storage.RelationalCommand.ExecuteReaderAsync(RelationalCommandParameterObject parameterObject, CancellationToken cancellationToken)
   at Microsoft.EntityFrameworkCore.Storage.RelationalCommand.ExecuteReaderAsync(RelationalCommandParameterObject parameterObject, CancellationToken cancellationToken)
   at Microsoft.EntityFrameworkCore.Update.ReaderModificationCommandBatch.ExecuteAsync(IRelationalConnection connection, CancellationToken cancellationToken)
  Exception data:
    Severity: ERROR
    SqlState: 23503
    MessageText: inserción o actualización en la tabla «ExtractionJobs» viola la llave foránea «FK_ExtractionJobs_DocumentFiles_DocumentFileId»
    Detail: Detail redacted as it may contain sensitive data. Specify 'Include Error Detail' in the connection string to include this information.
    SchemaName: public
    TableName: ExtractionJobs
    ConstraintName: FK_ExtractionJobs_DocumentFiles_DocumentFileId
    File: ri_triggers.c
    Line: 2619
    Routine: ri_ReportViolation
   --- End of inner exception stack trace ---
   at Microsoft.EntityFrameworkCore.Update.ReaderModificationCommandBatch.ExecuteAsync(IRelationalConnection connection, CancellationToken cancellationToken)
   at Microsoft.EntityFrameworkCore.Update.Internal.BatchExecutor.ExecuteAsync(IEnumerable`1 commandBatches, IRelationalConnection connection, CancellationToken cancellationToken)
   at Microsoft.EntityFrameworkCore.Update.Internal.BatchExecutor.ExecuteAsync(IEnumerable`1 commandBatches, IRelationalConnection connection, CancellationToken cancellationToken)
   at Microsoft.EntityFrameworkCore.Update.Internal.BatchExecutor.ExecuteAsync(IEnumerable`1 commandBatches, IRelationalConnection connection, CancellationToken cancellationToken)
   at Microsoft.EntityFrameworkCore.Storage.RelationalDatabase.SaveChangesAsync(IList`1 entries, CancellationToken cancellationToken)
   at Microsoft.EntityFrameworkCore.ChangeTracking.Internal.StateManager.SaveChangesAsync(IList`1 entriesToSave, CancellationToken cancellationToken)
   at Microsoft.EntityFrameworkCore.ChangeTracking.Internal.StateManager.SaveChangesAsync(StateManager stateManager, Boolean acceptAllChangesOnSuccess, CancellationToken cancellationToken)
   at Npgsql.EntityFrameworkCore.PostgreSQL.Storage.Internal.NpgsqlExecutionStrategy.ExecuteAsync[TState,TResult](TState state, Func`4 operation, Func`4 verifySucceeded, CancellationToken cancellationToken)
   at Microsoft.EntityFrameworkCore.DbContext.SaveChangesAsync(Boolean acceptAllChangesOnSuccess, CancellationToken cancellationToken)
   at Microsoft.EntityFrameworkCore.DbContext.SaveChangesAsync(Boolean acceptAllChangesOnSuccess, CancellationToken cancellationToken)
   at ComponentesIA.Application.UseCases.DocumentBatchService.CreateBatchAsync(CreateBatchDto dto, IReadOnlyList`1 files, CancellationToken ct) in C:\proyecto-personal\pry-IA\pryAPI\ComponentesIA\Application\UseCases\DocumentBatchService.cs:line 123
   at ComponentesIA.Controllers.ExtractionBatchesController.CreateBatch(CreateBatchDto dto, IReadOnlyList`1 files, CancellationToken ct) in C:\proyecto-personal\pry-IA\pryAPI\ComponentesIA\Controllers\ExtractionBatchesController.cs:line 29
   at Microsoft.AspNetCore.Mvc.Infrastructure.ActionMethodExecutor.TaskOfIActionResultExecutor.Execute(ActionContext actionContext, IActionResultTypeMapper mapper, ObjectMethodExecutor executor, Object controller, Object[] arguments)
   at Microsoft.AspNetCore.Mvc.Infrastructure.ControllerActionInvoker.<InvokeActionMethodAsync>g__Awaited|12_0(ControllerActionInvoker invoker, ValueTask`1 actionResultValueTask)
   at Microsoft.AspNetCore.Mvc.Infrastructure.ControllerActionInvoker.<InvokeNextActionFilterAsync>g__Awaited|10_0(ControllerActionInvoker invoker, Task lastTask, State next, Scope scope, Object state, Boolean isCompleted)
   at Microsoft.AspNetCore.Mvc.Infrastructure.ControllerActionInvoker.Rethrow(ActionExecutedContextSealed context)
   at Microsoft.AspNetCore.Mvc.Infrastructure.ControllerActionInvoker.Next(State& next, Scope& scope, Object& state, Boolean& isCompleted)
   at Microsoft.AspNetCore.Mvc.Infrastructure.ControllerActionInvoker.<InvokeInnerFilterAsync>g__Awaited|13_0(ControllerActionInvoker invoker, Task lastTask, State next, Scope scope, Object state, Boolean isCompleted)
   at Microsoft.AspNetCore.Mvc.Infrastructure.ResourceInvoker.<InvokeFilterPipelineAsync>g__Awaited|20_0(ResourceInvoker invoker, Task lastTask, State next, Scope scope, Object state, Boolean isCompleted)
   at Microsoft.AspNetCore.Mvc.Infrastructure.ResourceInvoker.<InvokeAsync>g__Awaited|17_0(ResourceInvoker invoker, Task task, IDisposable scope)
   at Microsoft.AspNetCore.Mvc.Infrastructure.ResourceInvoker.<InvokeAsync>g__Awaited|17_0(ResourceInvoker invoker, Task task, IDisposable scope)
   at Microsoft.AspNetCore.Authorization.AuthorizationMiddleware.Invoke(HttpContext context)
   at Microsoft.AspNetCore.Authentication.AuthenticationMiddleware.Invoke(HttpContext context)
   at ComponentesIA.Middleware.ExceptionHandlingMiddleware.InvokeAsync(HttpContext httpContext) in C:\proyecto-personal\pry-IA\pryAPI\ComponentesIA\Middleware\ExceptionHandlingMiddleware.cs:line 25
2026-04-06 13:28:04.346 -05:00 [INF] Subiendo archivo rut juan pablo rios.pdf a GCS como documents/2026/04/06/322799af-b317-4778-8fd1-c8a29d54d158/rut juan pablo rios.pdf
2026-04-06 13:28:05.770 -05:00 [INF] Archivo subido exitosamente: documents/2026/04/06/322799af-b317-4778-8fd1-c8a29d54d158/rut juan pablo rios.pdf
2026-04-06 13:28:05.785 -05:00 [ERR] Failed executing DbCommand (9ms) [Parameters=[@p8='?' (DbType = Guid), @p0='?' (DbType = Guid), @p1='?', @p2='?' (DbType = DateTime), @p3='?', @p4='?' (DbType = Int32), @p5='?', @p6='?', @p7='?', @p9='?' (DbType = Guid), @p10='?' (DbType = Int32), @p11='?' (DbType = DateTime), @p12='?' (DbType = Guid), @p13='?', @p14='?' (DbType = DateTime), @p15='?', @p16='?', @p17='?', @p18='?' (DbType = DateTime), @p19='?', @p20='?' (DbType = Guid)], CommandType='"Text"', CommandTimeout='30']
UPDATE "DocumentFiles" SET "BatchId" = @p0, "ContentType" = @p1, "CreatedAt" = @p2, "OriginalFileName" = @p3, "PageCount" = @p4, "Sha256" = @p5, "Status" = @p6, "StoragePath" = @p7
WHERE "Id" = @p8;
INSERT INTO "ExtractionJobs" ("Id", "Attempts", "CreatedAt", "DocumentFileId", "ErrorMessage", "FinishedAt", "Model", "PromptVersion", "Provider", "StartedAt", "Status", "TemplateId")
VALUES (@p9, @p10, @p11, @p12, @p13, @p14, @p15, @p16, @p17, @p18, @p19, @p20);
2026-04-06 13:28:05.809 -05:00 [ERR] An exception occurred in the database while saving changes for context type 'ComponentesIA.Infrastructure.Persistence.AppDbContext'.
Microsoft.EntityFrameworkCore.DbUpdateException: An error occurred while saving the entity changes. See the inner exception for details.
 ---> Npgsql.PostgresException (0x80004005): 23503: inserción o actualización en la tabla «ExtractionJobs» viola la llave foránea «FK_ExtractionJobs_DocumentFiles_DocumentFileId»

DETAIL: Detail redacted as it may contain sensitive data. Specify 'Include Error Detail' in the connection string to include this information.
   at Npgsql.Internal.NpgsqlConnector.ReadMessageLong(Boolean async, DataRowLoadingMode dataRowLoadingMode, Boolean readingNotifications, Boolean isReadingPrependedMessage)
   at System.Runtime.CompilerServices.PoolingAsyncValueTaskMethodBuilder`1.StateMachineBox`1.System.Threading.Tasks.Sources.IValueTaskSource<TResult>.GetResult(Int16 token)
   at Npgsql.NpgsqlDataReader.NextResult(Boolean async, Boolean isConsuming, CancellationToken cancellationToken)
   at Npgsql.NpgsqlDataReader.NextResult(Boolean async, Boolean isConsuming, CancellationToken cancellationToken)
   at Npgsql.NpgsqlCommand.ExecuteReader(Boolean async, CommandBehavior behavior, CancellationToken cancellationToken)
   at Npgsql.NpgsqlCommand.ExecuteReader(Boolean async, CommandBehavior behavior, CancellationToken cancellationToken)
   at Npgsql.NpgsqlCommand.ExecuteDbDataReaderAsync(CommandBehavior behavior, CancellationToken cancellationToken)
   at Microsoft.EntityFrameworkCore.Storage.RelationalCommand.ExecuteReaderAsync(RelationalCommandParameterObject parameterObject, CancellationToken cancellationToken)
   at Microsoft.EntityFrameworkCore.Storage.RelationalCommand.ExecuteReaderAsync(RelationalCommandParameterObject parameterObject, CancellationToken cancellationToken)
   at Microsoft.EntityFrameworkCore.Update.ReaderModificationCommandBatch.ExecuteAsync(IRelationalConnection connection, CancellationToken cancellationToken)
  Exception data:
    Severity: ERROR
    SqlState: 23503
    MessageText: inserción o actualización en la tabla «ExtractionJobs» viola la llave foránea «FK_ExtractionJobs_DocumentFiles_DocumentFileId»
    Detail: Detail redacted as it may contain sensitive data. Specify 'Include Error Detail' in the connection string to include this information.
    SchemaName: public
    TableName: ExtractionJobs
    ConstraintName: FK_ExtractionJobs_DocumentFiles_DocumentFileId
    File: ri_triggers.c
    Line: 2619
    Routine: ri_ReportViolation
   --- End of inner exception stack trace ---
   at Microsoft.EntityFrameworkCore.Update.ReaderModificationCommandBatch.ExecuteAsync(IRelationalConnection connection, CancellationToken cancellationToken)
   at Microsoft.EntityFrameworkCore.Update.Internal.BatchExecutor.ExecuteAsync(IEnumerable`1 commandBatches, IRelationalConnection connection, CancellationToken cancellationToken)
   at Microsoft.EntityFrameworkCore.Update.Internal.BatchExecutor.ExecuteAsync(IEnumerable`1 commandBatches, IRelationalConnection connection, CancellationToken cancellationToken)
   at Microsoft.EntityFrameworkCore.Update.Internal.BatchExecutor.ExecuteAsync(IEnumerable`1 commandBatches, IRelationalConnection connection, CancellationToken cancellationToken)
   at Microsoft.EntityFrameworkCore.Storage.RelationalDatabase.SaveChangesAsync(IList`1 entries, CancellationToken cancellationToken)
   at Microsoft.EntityFrameworkCore.ChangeTracking.Internal.StateManager.SaveChangesAsync(IList`1 entriesToSave, CancellationToken cancellationToken)
   at Microsoft.EntityFrameworkCore.ChangeTracking.Internal.StateManager.SaveChangesAsync(StateManager stateManager, Boolean acceptAllChangesOnSuccess, CancellationToken cancellationToken)
   at Npgsql.EntityFrameworkCore.PostgreSQL.Storage.Internal.NpgsqlExecutionStrategy.ExecuteAsync[TState,TResult](TState state, Func`4 operation, Func`4 verifySucceeded, CancellationToken cancellationToken)
   at Microsoft.EntityFrameworkCore.DbContext.SaveChangesAsync(Boolean acceptAllChangesOnSuccess, CancellationToken cancellationToken)
Microsoft.EntityFrameworkCore.DbUpdateException: An error occurred while saving the entity changes. See the inner exception for details.
 ---> Npgsql.PostgresException (0x80004005): 23503: inserción o actualización en la tabla «ExtractionJobs» viola la llave foránea «FK_ExtractionJobs_DocumentFiles_DocumentFileId»

DETAIL: Detail redacted as it may contain sensitive data. Specify 'Include Error Detail' in the connection string to include this information.
   at Npgsql.Internal.NpgsqlConnector.ReadMessageLong(Boolean async, DataRowLoadingMode dataRowLoadingMode, Boolean readingNotifications, Boolean isReadingPrependedMessage)
   at System.Runtime.CompilerServices.PoolingAsyncValueTaskMethodBuilder`1.StateMachineBox`1.System.Threading.Tasks.Sources.IValueTaskSource<TResult>.GetResult(Int16 token)
   at Npgsql.NpgsqlDataReader.NextResult(Boolean async, Boolean isConsuming, CancellationToken cancellationToken)
   at Npgsql.NpgsqlDataReader.NextResult(Boolean async, Boolean isConsuming, CancellationToken cancellationToken)
   at Npgsql.NpgsqlCommand.ExecuteReader(Boolean async, CommandBehavior behavior, CancellationToken cancellationToken)
   at Npgsql.NpgsqlCommand.ExecuteReader(Boolean async, CommandBehavior behavior, CancellationToken cancellationToken)
   at Npgsql.NpgsqlCommand.ExecuteDbDataReaderAsync(CommandBehavior behavior, CancellationToken cancellationToken)
   at Microsoft.EntityFrameworkCore.Storage.RelationalCommand.ExecuteReaderAsync(RelationalCommandParameterObject parameterObject, CancellationToken cancellationToken)
   at Microsoft.EntityFrameworkCore.Storage.RelationalCommand.ExecuteReaderAsync(RelationalCommandParameterObject parameterObject, CancellationToken cancellationToken)
   at Microsoft.EntityFrameworkCore.Update.ReaderModificationCommandBatch.ExecuteAsync(IRelationalConnection connection, CancellationToken cancellationToken)
  Exception data:
    Severity: ERROR
    SqlState: 23503
    MessageText: inserción o actualización en la tabla «ExtractionJobs» viola la llave foránea «FK_ExtractionJobs_DocumentFiles_DocumentFileId»
    Detail: Detail redacted as it may contain sensitive data. Specify 'Include Error Detail' in the connection string to include this information.
    SchemaName: public
    TableName: ExtractionJobs
    ConstraintName: FK_ExtractionJobs_DocumentFiles_DocumentFileId
    File: ri_triggers.c
    Line: 2619
    Routine: ri_ReportViolation
   --- End of inner exception stack trace ---
   at Microsoft.EntityFrameworkCore.Update.ReaderModificationCommandBatch.ExecuteAsync(IRelationalConnection connection, CancellationToken cancellationToken)
   at Microsoft.EntityFrameworkCore.Update.Internal.BatchExecutor.ExecuteAsync(IEnumerable`1 commandBatches, IRelationalConnection connection, CancellationToken cancellationToken)
   at Microsoft.EntityFrameworkCore.Update.Internal.BatchExecutor.ExecuteAsync(IEnumerable`1 commandBatches, IRelationalConnection connection, CancellationToken cancellationToken)
   at Microsoft.EntityFrameworkCore.Update.Internal.BatchExecutor.ExecuteAsync(IEnumerable`1 commandBatches, IRelationalConnection connection, CancellationToken cancellationToken)
   at Microsoft.EntityFrameworkCore.Storage.RelationalDatabase.SaveChangesAsync(IList`1 entries, CancellationToken cancellationToken)
   at Microsoft.EntityFrameworkCore.ChangeTracking.Internal.StateManager.SaveChangesAsync(IList`1 entriesToSave, CancellationToken cancellationToken)
   at Microsoft.EntityFrameworkCore.ChangeTracking.Internal.StateManager.SaveChangesAsync(StateManager stateManager, Boolean acceptAllChangesOnSuccess, CancellationToken cancellationToken)
   at Npgsql.EntityFrameworkCore.PostgreSQL.Storage.Internal.NpgsqlExecutionStrategy.ExecuteAsync[TState,TResult](TState state, Func`4 operation, Func`4 verifySucceeded, CancellationToken cancellationToken)
   at Microsoft.EntityFrameworkCore.DbContext.SaveChangesAsync(Boolean acceptAllChangesOnSuccess, CancellationToken cancellationToken)
2026-04-06 13:28:05.967 -05:00 [ERR] Ocurrió una excepción no controlada: An error occurred while saving the entity changes. See the inner exception for details.
Microsoft.EntityFrameworkCore.DbUpdateException: An error occurred while saving the entity changes. See the inner exception for details.
 ---> Npgsql.PostgresException (0x80004005): 23503: inserción o actualización en la tabla «ExtractionJobs» viola la llave foránea «FK_ExtractionJobs_DocumentFiles_DocumentFileId»

DETAIL: Detail redacted as it may contain sensitive data. Specify 'Include Error Detail' in the connection string to include this information.
   at Npgsql.Internal.NpgsqlConnector.ReadMessageLong(Boolean async, DataRowLoadingMode dataRowLoadingMode, Boolean readingNotifications, Boolean isReadingPrependedMessage)
   at System.Runtime.CompilerServices.PoolingAsyncValueTaskMethodBuilder`1.StateMachineBox`1.System.Threading.Tasks.Sources.IValueTaskSource<TResult>.GetResult(Int16 token)
   at Npgsql.NpgsqlDataReader.NextResult(Boolean async, Boolean isConsuming, CancellationToken cancellationToken)
   at Npgsql.NpgsqlDataReader.NextResult(Boolean async, Boolean isConsuming, CancellationToken cancellationToken)
   at Npgsql.NpgsqlCommand.ExecuteReader(Boolean async, CommandBehavior behavior, CancellationToken cancellationToken)
   at Npgsql.NpgsqlCommand.ExecuteReader(Boolean async, CommandBehavior behavior, CancellationToken cancellationToken)
   at Npgsql.NpgsqlCommand.ExecuteDbDataReaderAsync(CommandBehavior behavior, CancellationToken cancellationToken)
   at Microsoft.EntityFrameworkCore.Storage.RelationalCommand.ExecuteReaderAsync(RelationalCommandParameterObject parameterObject, CancellationToken cancellationToken)
   at Microsoft.EntityFrameworkCore.Storage.RelationalCommand.ExecuteReaderAsync(RelationalCommandParameterObject parameterObject, CancellationToken cancellationToken)
   at Microsoft.EntityFrameworkCore.Update.ReaderModificationCommandBatch.ExecuteAsync(IRelationalConnection connection, CancellationToken cancellationToken)
  Exception data:
    Severity: ERROR
    SqlState: 23503
    MessageText: inserción o actualización en la tabla «ExtractionJobs» viola la llave foránea «FK_ExtractionJobs_DocumentFiles_DocumentFileId»
    Detail: Detail redacted as it may contain sensitive data. Specify 'Include Error Detail' in the connection string to include this information.
    SchemaName: public
    TableName: ExtractionJobs
    ConstraintName: FK_ExtractionJobs_DocumentFiles_DocumentFileId
    File: ri_triggers.c
    Line: 2619
    Routine: ri_ReportViolation
   --- End of inner exception stack trace ---
   at Microsoft.EntityFrameworkCore.Update.ReaderModificationCommandBatch.ExecuteAsync(IRelationalConnection connection, CancellationToken cancellationToken)
   at Microsoft.EntityFrameworkCore.Update.Internal.BatchExecutor.ExecuteAsync(IEnumerable`1 commandBatches, IRelationalConnection connection, CancellationToken cancellationToken)
   at Microsoft.EntityFrameworkCore.Update.Internal.BatchExecutor.ExecuteAsync(IEnumerable`1 commandBatches, IRelationalConnection connection, CancellationToken cancellationToken)
   at Microsoft.EntityFrameworkCore.Update.Internal.BatchExecutor.ExecuteAsync(IEnumerable`1 commandBatches, IRelationalConnection connection, CancellationToken cancellationToken)
   at Microsoft.EntityFrameworkCore.Storage.RelationalDatabase.SaveChangesAsync(IList`1 entries, CancellationToken cancellationToken)
   at Microsoft.EntityFrameworkCore.ChangeTracking.Internal.StateManager.SaveChangesAsync(IList`1 entriesToSave, CancellationToken cancellationToken)
   at Microsoft.EntityFrameworkCore.ChangeTracking.Internal.StateManager.SaveChangesAsync(StateManager stateManager, Boolean acceptAllChangesOnSuccess, CancellationToken cancellationToken)
   at Npgsql.EntityFrameworkCore.PostgreSQL.Storage.Internal.NpgsqlExecutionStrategy.ExecuteAsync[TState,TResult](TState state, Func`4 operation, Func`4 verifySucceeded, CancellationToken cancellationToken)
   at Microsoft.EntityFrameworkCore.DbContext.SaveChangesAsync(Boolean acceptAllChangesOnSuccess, CancellationToken cancellationToken)
   at Microsoft.EntityFrameworkCore.DbContext.SaveChangesAsync(Boolean acceptAllChangesOnSuccess, CancellationToken cancellationToken)
   at ComponentesIA.Application.UseCases.DocumentBatchService.CreateBatchAsync(CreateBatchDto dto, IReadOnlyList`1 files, CancellationToken ct) in C:\proyecto-personal\pry-IA\pryAPI\ComponentesIA\Application\UseCases\DocumentBatchService.cs:line 123
   at ComponentesIA.Controllers.ExtractionBatchesController.CreateBatch(CreateBatchDto dto, IReadOnlyList`1 files, CancellationToken ct) in C:\proyecto-personal\pry-IA\pryAPI\ComponentesIA\Controllers\ExtractionBatchesController.cs:line 29
   at Microsoft.AspNetCore.Mvc.Infrastructure.ActionMethodExecutor.TaskOfIActionResultExecutor.Execute(ActionContext actionContext, IActionResultTypeMapper mapper, ObjectMethodExecutor executor, Object controller, Object[] arguments)
   at Microsoft.AspNetCore.Mvc.Infrastructure.ControllerActionInvoker.<InvokeActionMethodAsync>g__Awaited|12_0(ControllerActionInvoker invoker, ValueTask`1 actionResultValueTask)
   at Microsoft.AspNetCore.Mvc.Infrastructure.ControllerActionInvoker.<InvokeNextActionFilterAsync>g__Awaited|10_0(ControllerActionInvoker invoker, Task lastTask, State next, Scope scope, Object state, Boolean isCompleted)
   at Microsoft.AspNetCore.Mvc.Infrastructure.ControllerActionInvoker.Rethrow(ActionExecutedContextSealed context)
   at Microsoft.AspNetCore.Mvc.Infrastructure.ControllerActionInvoker.Next(State& next, Scope& scope, Object& state, Boolean& isCompleted)
   at Microsoft.AspNetCore.Mvc.Infrastructure.ControllerActionInvoker.<InvokeInnerFilterAsync>g__Awaited|13_0(ControllerActionInvoker invoker, Task lastTask, State next, Scope scope, Object state, Boolean isCompleted)
   at Microsoft.AspNetCore.Mvc.Infrastructure.ResourceInvoker.<InvokeFilterPipelineAsync>g__Awaited|20_0(ResourceInvoker invoker, Task lastTask, State next, Scope scope, Object state, Boolean isCompleted)
   at Microsoft.AspNetCore.Mvc.Infrastructure.ResourceInvoker.<InvokeAsync>g__Awaited|17_0(ResourceInvoker invoker, Task task, IDisposable scope)
   at Microsoft.AspNetCore.Mvc.Infrastructure.ResourceInvoker.<InvokeAsync>g__Awaited|17_0(ResourceInvoker invoker, Task task, IDisposable scope)
   at Microsoft.AspNetCore.Authorization.AuthorizationMiddleware.Invoke(HttpContext context)
   at Microsoft.AspNetCore.Authentication.AuthenticationMiddleware.Invoke(HttpContext context)
   at ComponentesIA.Middleware.ExceptionHandlingMiddleware.InvokeAsync(HttpContext httpContext) in C:\proyecto-personal\pry-IA\pryAPI\ComponentesIA\Middleware\ExceptionHandlingMiddleware.cs:line 25
2026-04-06 13:31:03.025 -05:00 [INF] Subiendo archivo rut juan pablo rios.pdf a GCS como documents/2026/04/06/27032dcc-802e-42d9-91a9-b3d0f9a3a0b7/rut juan pablo rios.pdf
2026-04-06 13:31:04.435 -05:00 [INF] Archivo subido exitosamente: documents/2026/04/06/27032dcc-802e-42d9-91a9-b3d0f9a3a0b7/rut juan pablo rios.pdf
2026-04-06 13:31:04.449 -05:00 [ERR] Failed executing DbCommand (5ms) [Parameters=[@p8='?' (DbType = Guid), @p0='?' (DbType = Guid), @p1='?', @p2='?' (DbType = DateTime), @p3='?', @p4='?' (DbType = Int32), @p5='?', @p6='?', @p7='?', @p9='?' (DbType = Guid), @p10='?' (DbType = Int32), @p11='?' (DbType = DateTime), @p12='?' (DbType = Guid), @p13='?', @p14='?' (DbType = DateTime), @p15='?', @p16='?', @p17='?', @p18='?' (DbType = DateTime), @p19='?', @p20='?' (DbType = Guid)], CommandType='"Text"', CommandTimeout='30']
UPDATE "DocumentFiles" SET "BatchId" = @p0, "ContentType" = @p1, "CreatedAt" = @p2, "OriginalFileName" = @p3, "PageCount" = @p4, "Sha256" = @p5, "Status" = @p6, "StoragePath" = @p7
WHERE "Id" = @p8;
INSERT INTO "ExtractionJobs" ("Id", "Attempts", "CreatedAt", "DocumentFileId", "ErrorMessage", "FinishedAt", "Model", "PromptVersion", "Provider", "StartedAt", "Status", "TemplateId")
VALUES (@p9, @p10, @p11, @p12, @p13, @p14, @p15, @p16, @p17, @p18, @p19, @p20);
2026-04-06 13:31:04.475 -05:00 [ERR] An exception occurred in the database while saving changes for context type 'ComponentesIA.Infrastructure.Persistence.AppDbContext'.
Microsoft.EntityFrameworkCore.DbUpdateException: An error occurred while saving the entity changes. See the inner exception for details.
 ---> Npgsql.PostgresException (0x80004005): 23503: inserción o actualización en la tabla «ExtractionJobs» viola la llave foránea «FK_ExtractionJobs_DocumentFiles_DocumentFileId»

DETAIL: Detail redacted as it may contain sensitive data. Specify 'Include Error Detail' in the connection string to include this information.
   at Npgsql.Internal.NpgsqlConnector.ReadMessageLong(Boolean async, DataRowLoadingMode dataRowLoadingMode, Boolean readingNotifications, Boolean isReadingPrependedMessage)
   at System.Runtime.CompilerServices.PoolingAsyncValueTaskMethodBuilder`1.StateMachineBox`1.System.Threading.Tasks.Sources.IValueTaskSource<TResult>.GetResult(Int16 token)
   at Npgsql.NpgsqlDataReader.NextResult(Boolean async, Boolean isConsuming, CancellationToken cancellationToken)
   at Npgsql.NpgsqlDataReader.NextResult(Boolean async, Boolean isConsuming, CancellationToken cancellationToken)
   at Npgsql.NpgsqlCommand.ExecuteReader(Boolean async, CommandBehavior behavior, CancellationToken cancellationToken)
   at Npgsql.NpgsqlCommand.ExecuteReader(Boolean async, CommandBehavior behavior, CancellationToken cancellationToken)
   at Npgsql.NpgsqlCommand.ExecuteDbDataReaderAsync(CommandBehavior behavior, CancellationToken cancellationToken)
   at Microsoft.EntityFrameworkCore.Storage.RelationalCommand.ExecuteReaderAsync(RelationalCommandParameterObject parameterObject, CancellationToken cancellationToken)
   at Microsoft.EntityFrameworkCore.Storage.RelationalCommand.ExecuteReaderAsync(RelationalCommandParameterObject parameterObject, CancellationToken cancellationToken)
   at Microsoft.EntityFrameworkCore.Update.ReaderModificationCommandBatch.ExecuteAsync(IRelationalConnection connection, CancellationToken cancellationToken)
  Exception data:
    Severity: ERROR
    SqlState: 23503
    MessageText: inserción o actualización en la tabla «ExtractionJobs» viola la llave foránea «FK_ExtractionJobs_DocumentFiles_DocumentFileId»
    Detail: Detail redacted as it may contain sensitive data. Specify 'Include Error Detail' in the connection string to include this information.
    SchemaName: public
    TableName: ExtractionJobs
    ConstraintName: FK_ExtractionJobs_DocumentFiles_DocumentFileId
    File: ri_triggers.c
    Line: 2619
    Routine: ri_ReportViolation
   --- End of inner exception stack trace ---
   at Microsoft.EntityFrameworkCore.Update.ReaderModificationCommandBatch.ExecuteAsync(IRelationalConnection connection, CancellationToken cancellationToken)
   at Microsoft.EntityFrameworkCore.Update.Internal.BatchExecutor.ExecuteAsync(IEnumerable`1 commandBatches, IRelationalConnection connection, CancellationToken cancellationToken)
   at Microsoft.EntityFrameworkCore.Update.Internal.BatchExecutor.ExecuteAsync(IEnumerable`1 commandBatches, IRelationalConnection connection, CancellationToken cancellationToken)
   at Microsoft.EntityFrameworkCore.Update.Internal.BatchExecutor.ExecuteAsync(IEnumerable`1 commandBatches, IRelationalConnection connection, CancellationToken cancellationToken)
   at Microsoft.EntityFrameworkCore.Storage.RelationalDatabase.SaveChangesAsync(IList`1 entries, CancellationToken cancellationToken)
   at Microsoft.EntityFrameworkCore.ChangeTracking.Internal.StateManager.SaveChangesAsync(IList`1 entriesToSave, CancellationToken cancellationToken)
   at Microsoft.EntityFrameworkCore.ChangeTracking.Internal.StateManager.SaveChangesAsync(StateManager stateManager, Boolean acceptAllChangesOnSuccess, CancellationToken cancellationToken)
   at Npgsql.EntityFrameworkCore.PostgreSQL.Storage.Internal.NpgsqlExecutionStrategy.ExecuteAsync[TState,TResult](TState state, Func`4 operation, Func`4 verifySucceeded, CancellationToken cancellationToken)
   at Microsoft.EntityFrameworkCore.DbContext.SaveChangesAsync(Boolean acceptAllChangesOnSuccess, CancellationToken cancellationToken)
Microsoft.EntityFrameworkCore.DbUpdateException: An error occurred while saving the entity changes. See the inner exception for details.
 ---> Npgsql.PostgresException (0x80004005): 23503: inserción o actualización en la tabla «ExtractionJobs» viola la llave foránea «FK_ExtractionJobs_DocumentFiles_DocumentFileId»

DETAIL: Detail redacted as it may contain sensitive data. Specify 'Include Error Detail' in the connection string to include this information.
   at Npgsql.Internal.NpgsqlConnector.ReadMessageLong(Boolean async, DataRowLoadingMode dataRowLoadingMode, Boolean readingNotifications, Boolean isReadingPrependedMessage)
   at System.Runtime.CompilerServices.PoolingAsyncValueTaskMethodBuilder`1.StateMachineBox`1.System.Threading.Tasks.Sources.IValueTaskSource<TResult>.GetResult(Int16 token)
   at Npgsql.NpgsqlDataReader.NextResult(Boolean async, Boolean isConsuming, CancellationToken cancellationToken)
   at Npgsql.NpgsqlDataReader.NextResult(Boolean async, Boolean isConsuming, CancellationToken cancellationToken)
   at Npgsql.NpgsqlCommand.ExecuteReader(Boolean async, CommandBehavior behavior, CancellationToken cancellationToken)
   at Npgsql.NpgsqlCommand.ExecuteReader(Boolean async, CommandBehavior behavior, CancellationToken cancellationToken)
   at Npgsql.NpgsqlCommand.ExecuteDbDataReaderAsync(CommandBehavior behavior, CancellationToken cancellationToken)
   at Microsoft.EntityFrameworkCore.Storage.RelationalCommand.ExecuteReaderAsync(RelationalCommandParameterObject parameterObject, CancellationToken cancellationToken)
   at Microsoft.EntityFrameworkCore.Storage.RelationalCommand.ExecuteReaderAsync(RelationalCommandParameterObject parameterObject, CancellationToken cancellationToken)
   at Microsoft.EntityFrameworkCore.Update.ReaderModificationCommandBatch.ExecuteAsync(IRelationalConnection connection, CancellationToken cancellationToken)
  Exception data:
    Severity: ERROR
    SqlState: 23503
    MessageText: inserción o actualización en la tabla «ExtractionJobs» viola la llave foránea «FK_ExtractionJobs_DocumentFiles_DocumentFileId»
    Detail: Detail redacted as it may contain sensitive data. Specify 'Include Error Detail' in the connection string to include this information.
    SchemaName: public
    TableName: ExtractionJobs
    ConstraintName: FK_ExtractionJobs_DocumentFiles_DocumentFileId
    File: ri_triggers.c
    Line: 2619
    Routine: ri_ReportViolation
   --- End of inner exception stack trace ---
   at Microsoft.EntityFrameworkCore.Update.ReaderModificationCommandBatch.ExecuteAsync(IRelationalConnection connection, CancellationToken cancellationToken)
   at Microsoft.EntityFrameworkCore.Update.Internal.BatchExecutor.ExecuteAsync(IEnumerable`1 commandBatches, IRelationalConnection connection, CancellationToken cancellationToken)
   at Microsoft.EntityFrameworkCore.Update.Internal.BatchExecutor.ExecuteAsync(IEnumerable`1 commandBatches, IRelationalConnection connection, CancellationToken cancellationToken)
   at Microsoft.EntityFrameworkCore.Update.Internal.BatchExecutor.ExecuteAsync(IEnumerable`1 commandBatches, IRelationalConnection connection, CancellationToken cancellationToken)
   at Microsoft.EntityFrameworkCore.Storage.RelationalDatabase.SaveChangesAsync(IList`1 entries, CancellationToken cancellationToken)
   at Microsoft.EntityFrameworkCore.ChangeTracking.Internal.StateManager.SaveChangesAsync(IList`1 entriesToSave, CancellationToken cancellationToken)
   at Microsoft.EntityFrameworkCore.ChangeTracking.Internal.StateManager.SaveChangesAsync(StateManager stateManager, Boolean acceptAllChangesOnSuccess, CancellationToken cancellationToken)
   at Npgsql.EntityFrameworkCore.PostgreSQL.Storage.Internal.NpgsqlExecutionStrategy.ExecuteAsync[TState,TResult](TState state, Func`4 operation, Func`4 verifySucceeded, CancellationToken cancellationToken)
   at Microsoft.EntityFrameworkCore.DbContext.SaveChangesAsync(Boolean acceptAllChangesOnSuccess, CancellationToken cancellationToken)
2026-04-06 13:31:04.665 -05:00 [ERR] Ocurrió una excepción no controlada: An error occurred while saving the entity changes. See the inner exception for details.
Microsoft.EntityFrameworkCore.DbUpdateException: An error occurred while saving the entity changes. See the inner exception for details.
 ---> Npgsql.PostgresException (0x80004005): 23503: inserción o actualización en la tabla «ExtractionJobs» viola la llave foránea «FK_ExtractionJobs_DocumentFiles_DocumentFileId»

DETAIL: Detail redacted as it may contain sensitive data. Specify 'Include Error Detail' in the connection string to include this information.
   at Npgsql.Internal.NpgsqlConnector.ReadMessageLong(Boolean async, DataRowLoadingMode dataRowLoadingMode, Boolean readingNotifications, Boolean isReadingPrependedMessage)
   at System.Runtime.CompilerServices.PoolingAsyncValueTaskMethodBuilder`1.StateMachineBox`1.System.Threading.Tasks.Sources.IValueTaskSource<TResult>.GetResult(Int16 token)
   at Npgsql.NpgsqlDataReader.NextResult(Boolean async, Boolean isConsuming, CancellationToken cancellationToken)
   at Npgsql.NpgsqlDataReader.NextResult(Boolean async, Boolean isConsuming, CancellationToken cancellationToken)
   at Npgsql.NpgsqlCommand.ExecuteReader(Boolean async, CommandBehavior behavior, CancellationToken cancellationToken)
   at Npgsql.NpgsqlCommand.ExecuteReader(Boolean async, CommandBehavior behavior, CancellationToken cancellationToken)
   at Npgsql.NpgsqlCommand.ExecuteDbDataReaderAsync(CommandBehavior behavior, CancellationToken cancellationToken)
   at Microsoft.EntityFrameworkCore.Storage.RelationalCommand.ExecuteReaderAsync(RelationalCommandParameterObject parameterObject, CancellationToken cancellationToken)
   at Microsoft.EntityFrameworkCore.Storage.RelationalCommand.ExecuteReaderAsync(RelationalCommandParameterObject parameterObject, CancellationToken cancellationToken)
   at Microsoft.EntityFrameworkCore.Update.ReaderModificationCommandBatch.ExecuteAsync(IRelationalConnection connection, CancellationToken cancellationToken)
  Exception data:
    Severity: ERROR
    SqlState: 23503
    MessageText: inserción o actualización en la tabla «ExtractionJobs» viola la llave foránea «FK_ExtractionJobs_DocumentFiles_DocumentFileId»
    Detail: Detail redacted as it may contain sensitive data. Specify 'Include Error Detail' in the connection string to include this information.
    SchemaName: public
    TableName: ExtractionJobs
    ConstraintName: FK_ExtractionJobs_DocumentFiles_DocumentFileId
    File: ri_triggers.c
    Line: 2619
    Routine: ri_ReportViolation
   --- End of inner exception stack trace ---
   at Microsoft.EntityFrameworkCore.Update.ReaderModificationCommandBatch.ExecuteAsync(IRelationalConnection connection, CancellationToken cancellationToken)
   at Microsoft.EntityFrameworkCore.Update.Internal.BatchExecutor.ExecuteAsync(IEnumerable`1 commandBatches, IRelationalConnection connection, CancellationToken cancellationToken)
   at Microsoft.EntityFrameworkCore.Update.Internal.BatchExecutor.ExecuteAsync(IEnumerable`1 commandBatches, IRelationalConnection connection, CancellationToken cancellationToken)
   at Microsoft.EntityFrameworkCore.Update.Internal.BatchExecutor.ExecuteAsync(IEnumerable`1 commandBatches, IRelationalConnection connection, CancellationToken cancellationToken)
   at Microsoft.EntityFrameworkCore.Storage.RelationalDatabase.SaveChangesAsync(IList`1 entries, CancellationToken cancellationToken)
   at Microsoft.EntityFrameworkCore.ChangeTracking.Internal.StateManager.SaveChangesAsync(IList`1 entriesToSave, CancellationToken cancellationToken)
   at Microsoft.EntityFrameworkCore.ChangeTracking.Internal.StateManager.SaveChangesAsync(StateManager stateManager, Boolean acceptAllChangesOnSuccess, CancellationToken cancellationToken)
   at Npgsql.EntityFrameworkCore.PostgreSQL.Storage.Internal.NpgsqlExecutionStrategy.ExecuteAsync[TState,TResult](TState state, Func`4 operation, Func`4 verifySucceeded, CancellationToken cancellationToken)
   at Microsoft.EntityFrameworkCore.DbContext.SaveChangesAsync(Boolean acceptAllChangesOnSuccess, CancellationToken cancellationToken)
   at Microsoft.EntityFrameworkCore.DbContext.SaveChangesAsync(Boolean acceptAllChangesOnSuccess, CancellationToken cancellationToken)
   at ComponentesIA.Application.UseCases.DocumentBatchService.CreateBatchAsync(CreateBatchDto dto, IReadOnlyList`1 files, CancellationToken ct) in C:\proyecto-personal\pry-IA\pryAPI\ComponentesIA\Application\UseCases\DocumentBatchService.cs:line 123
   at ComponentesIA.Controllers.ExtractionBatchesController.CreateBatch(CreateBatchDto dto, IReadOnlyList`1 files, CancellationToken ct) in C:\proyecto-personal\pry-IA\pryAPI\ComponentesIA\Controllers\ExtractionBatchesController.cs:line 29
   at Microsoft.AspNetCore.Mvc.Infrastructure.ActionMethodExecutor.TaskOfIActionResultExecutor.Execute(ActionContext actionContext, IActionResultTypeMapper mapper, ObjectMethodExecutor executor, Object controller, Object[] arguments)
   at Microsoft.AspNetCore.Mvc.Infrastructure.ControllerActionInvoker.<InvokeActionMethodAsync>g__Awaited|12_0(ControllerActionInvoker invoker, ValueTask`1 actionResultValueTask)
   at Microsoft.AspNetCore.Mvc.Infrastructure.ControllerActionInvoker.<InvokeNextActionFilterAsync>g__Awaited|10_0(ControllerActionInvoker invoker, Task lastTask, State next, Scope scope, Object state, Boolean isCompleted)
   at Microsoft.AspNetCore.Mvc.Infrastructure.ControllerActionInvoker.Rethrow(ActionExecutedContextSealed context)
   at Microsoft.AspNetCore.Mvc.Infrastructure.ControllerActionInvoker.Next(State& next, Scope& scope, Object& state, Boolean& isCompleted)
   at Microsoft.AspNetCore.Mvc.Infrastructure.ControllerActionInvoker.<InvokeInnerFilterAsync>g__Awaited|13_0(ControllerActionInvoker invoker, Task lastTask, State next, Scope scope, Object state, Boolean isCompleted)
   at Microsoft.AspNetCore.Mvc.Infrastructure.ResourceInvoker.<InvokeFilterPipelineAsync>g__Awaited|20_0(ResourceInvoker invoker, Task lastTask, State next, Scope scope, Object state, Boolean isCompleted)
   at Microsoft.AspNetCore.Mvc.Infrastructure.ResourceInvoker.<InvokeAsync>g__Awaited|17_0(ResourceInvoker invoker, Task task, IDisposable scope)
   at Microsoft.AspNetCore.Mvc.Infrastructure.ResourceInvoker.<InvokeAsync>g__Awaited|17_0(ResourceInvoker invoker, Task task, IDisposable scope)
   at Microsoft.AspNetCore.Authorization.AuthorizationMiddleware.Invoke(HttpContext context)
   at Microsoft.AspNetCore.Authentication.AuthenticationMiddleware.Invoke(HttpContext context)
   at ComponentesIA.Middleware.ExceptionHandlingMiddleware.InvokeAsync(HttpContext httpContext) in C:\proyecto-personal\pry-IA\pryAPI\ComponentesIA\Middleware\ExceptionHandlingMiddleware.cs:line 25
2026-04-06 13:38:10.566 -05:00 [INF] Subiendo archivo rut juan pablo rios.pdf a GCS como documents/2026/04/06/cc49df8d-a30f-49ff-8c3b-d24b86b85d4e/rut juan pablo rios.pdf
2026-04-06 13:38:22.339 -05:00 [INF] Archivo subido exitosamente: documents/2026/04/06/cc49df8d-a30f-49ff-8c3b-d24b86b85d4e/rut juan pablo rios.pdf
2026-04-06 13:39:11.297 -05:00 [ERR] Failed executing DbCommand (20ms) [Parameters=[@p8='?' (DbType = Guid), @p0='?' (DbType = Guid), @p1='?', @p2='?' (DbType = DateTime), @p3='?', @p4='?' (DbType = Int32), @p5='?', @p6='?', @p7='?', @p9='?' (DbType = Guid), @p10='?' (DbType = Int32), @p11='?' (DbType = DateTime), @p12='?' (DbType = Guid), @p13='?', @p14='?' (DbType = DateTime), @p15='?', @p16='?', @p17='?', @p18='?' (DbType = DateTime), @p19='?', @p20='?' (DbType = Guid)], CommandType='"Text"', CommandTimeout='30']
UPDATE "DocumentFiles" SET "BatchId" = @p0, "ContentType" = @p1, "CreatedAt" = @p2, "OriginalFileName" = @p3, "PageCount" = @p4, "Sha256" = @p5, "Status" = @p6, "StoragePath" = @p7
WHERE "Id" = @p8;
INSERT INTO "ExtractionJobs" ("Id", "Attempts", "CreatedAt", "DocumentFileId", "ErrorMessage", "FinishedAt", "Model", "PromptVersion", "Provider", "StartedAt", "Status", "TemplateId")
VALUES (@p9, @p10, @p11, @p12, @p13, @p14, @p15, @p16, @p17, @p18, @p19, @p20);
2026-04-06 13:39:11.316 -05:00 [ERR] An exception occurred in the database while saving changes for context type 'ComponentesIA.Infrastructure.Persistence.AppDbContext'.
Microsoft.EntityFrameworkCore.DbUpdateException: An error occurred while saving the entity changes. See the inner exception for details.
 ---> Npgsql.PostgresException (0x80004005): 23503: inserción o actualización en la tabla «ExtractionJobs» viola la llave foránea «FK_ExtractionJobs_DocumentFiles_DocumentFileId»

DETAIL: Detail redacted as it may contain sensitive data. Specify 'Include Error Detail' in the connection string to include this information.
   at Npgsql.Internal.NpgsqlConnector.ReadMessageLong(Boolean async, DataRowLoadingMode dataRowLoadingMode, Boolean readingNotifications, Boolean isReadingPrependedMessage)
   at System.Runtime.CompilerServices.PoolingAsyncValueTaskMethodBuilder`1.StateMachineBox`1.System.Threading.Tasks.Sources.IValueTaskSource<TResult>.GetResult(Int16 token)
   at Npgsql.NpgsqlDataReader.NextResult(Boolean async, Boolean isConsuming, CancellationToken cancellationToken)
   at Npgsql.NpgsqlDataReader.NextResult(Boolean async, Boolean isConsuming, CancellationToken cancellationToken)
   at Npgsql.NpgsqlCommand.ExecuteReader(Boolean async, CommandBehavior behavior, CancellationToken cancellationToken)
   at Npgsql.NpgsqlCommand.ExecuteReader(Boolean async, CommandBehavior behavior, CancellationToken cancellationToken)
   at Npgsql.NpgsqlCommand.ExecuteDbDataReaderAsync(CommandBehavior behavior, CancellationToken cancellationToken)
   at Microsoft.EntityFrameworkCore.Storage.RelationalCommand.ExecuteReaderAsync(RelationalCommandParameterObject parameterObject, CancellationToken cancellationToken)
   at Microsoft.EntityFrameworkCore.Storage.RelationalCommand.ExecuteReaderAsync(RelationalCommandParameterObject parameterObject, CancellationToken cancellationToken)
   at Microsoft.EntityFrameworkCore.Update.ReaderModificationCommandBatch.ExecuteAsync(IRelationalConnection connection, CancellationToken cancellationToken)
  Exception data:
    Severity: ERROR
    SqlState: 23503
    MessageText: inserción o actualización en la tabla «ExtractionJobs» viola la llave foránea «FK_ExtractionJobs_DocumentFiles_DocumentFileId»
    Detail: Detail redacted as it may contain sensitive data. Specify 'Include Error Detail' in the connection string to include this information.
    SchemaName: public
    TableName: ExtractionJobs
    ConstraintName: FK_ExtractionJobs_DocumentFiles_DocumentFileId
    File: ri_triggers.c
    Line: 2619
    Routine: ri_ReportViolation
   --- End of inner exception stack trace ---
   at Microsoft.EntityFrameworkCore.Update.ReaderModificationCommandBatch.ExecuteAsync(IRelationalConnection connection, CancellationToken cancellationToken)
   at Microsoft.EntityFrameworkCore.Update.Internal.BatchExecutor.ExecuteAsync(IEnumerable`1 commandBatches, IRelationalConnection connection, CancellationToken cancellationToken)
   at Microsoft.EntityFrameworkCore.Update.Internal.BatchExecutor.ExecuteAsync(IEnumerable`1 commandBatches, IRelationalConnection connection, CancellationToken cancellationToken)
   at Microsoft.EntityFrameworkCore.Update.Internal.BatchExecutor.ExecuteAsync(IEnumerable`1 commandBatches, IRelationalConnection connection, CancellationToken cancellationToken)
   at Microsoft.EntityFrameworkCore.Storage.RelationalDatabase.SaveChangesAsync(IList`1 entries, CancellationToken cancellationToken)
   at Microsoft.EntityFrameworkCore.ChangeTracking.Internal.StateManager.SaveChangesAsync(IList`1 entriesToSave, CancellationToken cancellationToken)
   at Microsoft.EntityFrameworkCore.ChangeTracking.Internal.StateManager.SaveChangesAsync(StateManager stateManager, Boolean acceptAllChangesOnSuccess, CancellationToken cancellationToken)
   at Npgsql.EntityFrameworkCore.PostgreSQL.Storage.Internal.NpgsqlExecutionStrategy.ExecuteAsync[TState,TResult](TState state, Func`4 operation, Func`4 verifySucceeded, CancellationToken cancellationToken)
   at Microsoft.EntityFrameworkCore.DbContext.SaveChangesAsync(Boolean acceptAllChangesOnSuccess, CancellationToken cancellationToken)
Microsoft.EntityFrameworkCore.DbUpdateException: An error occurred while saving the entity changes. See the inner exception for details.
 ---> Npgsql.PostgresException (0x80004005): 23503: inserción o actualización en la tabla «ExtractionJobs» viola la llave foránea «FK_ExtractionJobs_DocumentFiles_DocumentFileId»

DETAIL: Detail redacted as it may contain sensitive data. Specify 'Include Error Detail' in the connection string to include this information.
   at Npgsql.Internal.NpgsqlConnector.ReadMessageLong(Boolean async, DataRowLoadingMode dataRowLoadingMode, Boolean readingNotifications, Boolean isReadingPrependedMessage)
   at System.Runtime.CompilerServices.PoolingAsyncValueTaskMethodBuilder`1.StateMachineBox`1.System.Threading.Tasks.Sources.IValueTaskSource<TResult>.GetResult(Int16 token)
   at Npgsql.NpgsqlDataReader.NextResult(Boolean async, Boolean isConsuming, CancellationToken cancellationToken)
   at Npgsql.NpgsqlDataReader.NextResult(Boolean async, Boolean isConsuming, CancellationToken cancellationToken)
   at Npgsql.NpgsqlCommand.ExecuteReader(Boolean async, CommandBehavior behavior, CancellationToken cancellationToken)
   at Npgsql.NpgsqlCommand.ExecuteReader(Boolean async, CommandBehavior behavior, CancellationToken cancellationToken)
   at Npgsql.NpgsqlCommand.ExecuteDbDataReaderAsync(CommandBehavior behavior, CancellationToken cancellationToken)
   at Microsoft.EntityFrameworkCore.Storage.RelationalCommand.ExecuteReaderAsync(RelationalCommandParameterObject parameterObject, CancellationToken cancellationToken)
   at Microsoft.EntityFrameworkCore.Storage.RelationalCommand.ExecuteReaderAsync(RelationalCommandParameterObject parameterObject, CancellationToken cancellationToken)
   at Microsoft.EntityFrameworkCore.Update.ReaderModificationCommandBatch.ExecuteAsync(IRelationalConnection connection, CancellationToken cancellationToken)
  Exception data:
    Severity: ERROR
    SqlState: 23503
    MessageText: inserción o actualización en la tabla «ExtractionJobs» viola la llave foránea «FK_ExtractionJobs_DocumentFiles_DocumentFileId»
    Detail: Detail redacted as it may contain sensitive data. Specify 'Include Error Detail' in the connection string to include this information.
    SchemaName: public
    TableName: ExtractionJobs
    ConstraintName: FK_ExtractionJobs_DocumentFiles_DocumentFileId
    File: ri_triggers.c
    Line: 2619
    Routine: ri_ReportViolation
   --- End of inner exception stack trace ---
   at Microsoft.EntityFrameworkCore.Update.ReaderModificationCommandBatch.ExecuteAsync(IRelationalConnection connection, CancellationToken cancellationToken)
   at Microsoft.EntityFrameworkCore.Update.Internal.BatchExecutor.ExecuteAsync(IEnumerable`1 commandBatches, IRelationalConnection connection, CancellationToken cancellationToken)
   at Microsoft.EntityFrameworkCore.Update.Internal.BatchExecutor.ExecuteAsync(IEnumerable`1 commandBatches, IRelationalConnection connection, CancellationToken cancellationToken)
   at Microsoft.EntityFrameworkCore.Update.Internal.BatchExecutor.ExecuteAsync(IEnumerable`1 commandBatches, IRelationalConnection connection, CancellationToken cancellationToken)
   at Microsoft.EntityFrameworkCore.Storage.RelationalDatabase.SaveChangesAsync(IList`1 entries, CancellationToken cancellationToken)
   at Microsoft.EntityFrameworkCore.ChangeTracking.Internal.StateManager.SaveChangesAsync(IList`1 entriesToSave, CancellationToken cancellationToken)
   at Microsoft.EntityFrameworkCore.ChangeTracking.Internal.StateManager.SaveChangesAsync(StateManager stateManager, Boolean acceptAllChangesOnSuccess, CancellationToken cancellationToken)
   at Npgsql.EntityFrameworkCore.PostgreSQL.Storage.Internal.NpgsqlExecutionStrategy.ExecuteAsync[TState,TResult](TState state, Func`4 operation, Func`4 verifySucceeded, CancellationToken cancellationToken)
   at Microsoft.EntityFrameworkCore.DbContext.SaveChangesAsync(Boolean acceptAllChangesOnSuccess, CancellationToken cancellationToken)
2026-04-06 13:39:11.443 -05:00 [ERR] Ocurrió una excepción no controlada: An error occurred while saving the entity changes. See the inner exception for details.
Microsoft.EntityFrameworkCore.DbUpdateException: An error occurred while saving the entity changes. See the inner exception for details.
 ---> Npgsql.PostgresException (0x80004005): 23503: inserción o actualización en la tabla «ExtractionJobs» viola la llave foránea «FK_ExtractionJobs_DocumentFiles_DocumentFileId»

DETAIL: Detail redacted as it may contain sensitive data. Specify 'Include Error Detail' in the connection string to include this information.
   at Npgsql.Internal.NpgsqlConnector.ReadMessageLong(Boolean async, DataRowLoadingMode dataRowLoadingMode, Boolean readingNotifications, Boolean isReadingPrependedMessage)
   at System.Runtime.CompilerServices.PoolingAsyncValueTaskMethodBuilder`1.StateMachineBox`1.System.Threading.Tasks.Sources.IValueTaskSource<TResult>.GetResult(Int16 token)
   at Npgsql.NpgsqlDataReader.NextResult(Boolean async, Boolean isConsuming, CancellationToken cancellationToken)
   at Npgsql.NpgsqlDataReader.NextResult(Boolean async, Boolean isConsuming, CancellationToken cancellationToken)
   at Npgsql.NpgsqlCommand.ExecuteReader(Boolean async, CommandBehavior behavior, CancellationToken cancellationToken)
   at Npgsql.NpgsqlCommand.ExecuteReader(Boolean async, CommandBehavior behavior, CancellationToken cancellationToken)
   at Npgsql.NpgsqlCommand.ExecuteDbDataReaderAsync(CommandBehavior behavior, CancellationToken cancellationToken)
   at Microsoft.EntityFrameworkCore.Storage.RelationalCommand.ExecuteReaderAsync(RelationalCommandParameterObject parameterObject, CancellationToken cancellationToken)
   at Microsoft.EntityFrameworkCore.Storage.RelationalCommand.ExecuteReaderAsync(RelationalCommandParameterObject parameterObject, CancellationToken cancellationToken)
   at Microsoft.EntityFrameworkCore.Update.ReaderModificationCommandBatch.ExecuteAsync(IRelationalConnection connection, CancellationToken cancellationToken)
  Exception data:
    Severity: ERROR
    SqlState: 23503
    MessageText: inserción o actualización en la tabla «ExtractionJobs» viola la llave foránea «FK_ExtractionJobs_DocumentFiles_DocumentFileId»
    Detail: Detail redacted as it may contain sensitive data. Specify 'Include Error Detail' in the connection string to include this information.
    SchemaName: public
    TableName: ExtractionJobs
    ConstraintName: FK_ExtractionJobs_DocumentFiles_DocumentFileId
    File: ri_triggers.c
    Line: 2619
    Routine: ri_ReportViolation
   --- End of inner exception stack trace ---
   at Microsoft.EntityFrameworkCore.Update.ReaderModificationCommandBatch.ExecuteAsync(IRelationalConnection connection, CancellationToken cancellationToken)
   at Microsoft.EntityFrameworkCore.Update.Internal.BatchExecutor.ExecuteAsync(IEnumerable`1 commandBatches, IRelationalConnection connection, CancellationToken cancellationToken)
   at Microsoft.EntityFrameworkCore.Update.Internal.BatchExecutor.ExecuteAsync(IEnumerable`1 commandBatches, IRelationalConnection connection, CancellationToken cancellationToken)
   at Microsoft.EntityFrameworkCore.Update.Internal.BatchExecutor.ExecuteAsync(IEnumerable`1 commandBatches, IRelationalConnection connection, CancellationToken cancellationToken)
   at Microsoft.EntityFrameworkCore.Storage.RelationalDatabase.SaveChangesAsync(IList`1 entries, CancellationToken cancellationToken)
   at Microsoft.EntityFrameworkCore.ChangeTracking.Internal.StateManager.SaveChangesAsync(IList`1 entriesToSave, CancellationToken cancellationToken)
   at Microsoft.EntityFrameworkCore.ChangeTracking.Internal.StateManager.SaveChangesAsync(StateManager stateManager, Boolean acceptAllChangesOnSuccess, CancellationToken cancellationToken)
   at Npgsql.EntityFrameworkCore.PostgreSQL.Storage.Internal.NpgsqlExecutionStrategy.ExecuteAsync[TState,TResult](TState state, Func`4 operation, Func`4 verifySucceeded, CancellationToken cancellationToken)
   at Microsoft.EntityFrameworkCore.DbContext.SaveChangesAsync(Boolean acceptAllChangesOnSuccess, CancellationToken cancellationToken)
   at Microsoft.EntityFrameworkCore.DbContext.SaveChangesAsync(Boolean acceptAllChangesOnSuccess, CancellationToken cancellationToken)
   at ComponentesIA.Application.UseCases.DocumentBatchService.CreateBatchAsync(CreateBatchDto dto, IReadOnlyList`1 files, CancellationToken ct) in C:\proyecto-personal\pry-IA\pryAPI\ComponentesIA\Application\UseCases\DocumentBatchService.cs:line 123
   at ComponentesIA.Controllers.ExtractionBatchesController.CreateBatch(CreateBatchDto dto, IReadOnlyList`1 files, CancellationToken ct) in C:\proyecto-personal\pry-IA\pryAPI\ComponentesIA\Controllers\ExtractionBatchesController.cs:line 29
   at Microsoft.AspNetCore.Mvc.Infrastructure.ActionMethodExecutor.TaskOfIActionResultExecutor.Execute(ActionContext actionContext, IActionResultTypeMapper mapper, ObjectMethodExecutor executor, Object controller, Object[] arguments)
   at Microsoft.AspNetCore.Mvc.Infrastructure.ControllerActionInvoker.<InvokeActionMethodAsync>g__Awaited|12_0(ControllerActionInvoker invoker, ValueTask`1 actionResultValueTask)
   at Microsoft.AspNetCore.Mvc.Infrastructure.ControllerActionInvoker.<InvokeNextActionFilterAsync>g__Awaited|10_0(ControllerActionInvoker invoker, Task lastTask, State next, Scope scope, Object state, Boolean isCompleted)
   at Microsoft.AspNetCore.Mvc.Infrastructure.ControllerActionInvoker.Rethrow(ActionExecutedContextSealed context)
   at Microsoft.AspNetCore.Mvc.Infrastructure.ControllerActionInvoker.Next(State& next, Scope& scope, Object& state, Boolean& isCompleted)
   at Microsoft.AspNetCore.Mvc.Infrastructure.ControllerActionInvoker.<InvokeInnerFilterAsync>g__Awaited|13_0(ControllerActionInvoker invoker, Task lastTask, State next, Scope scope, Object state, Boolean isCompleted)
   at Microsoft.AspNetCore.Mvc.Infrastructure.ResourceInvoker.<InvokeFilterPipelineAsync>g__Awaited|20_0(ResourceInvoker invoker, Task lastTask, State next, Scope scope, Object state, Boolean isCompleted)
   at Microsoft.AspNetCore.Mvc.Infrastructure.ResourceInvoker.<InvokeAsync>g__Awaited|17_0(ResourceInvoker invoker, Task task, IDisposable scope)
   at Microsoft.AspNetCore.Mvc.Infrastructure.ResourceInvoker.<InvokeAsync>g__Awaited|17_0(ResourceInvoker invoker, Task task, IDisposable scope)
   at Microsoft.AspNetCore.Authorization.AuthorizationMiddleware.Invoke(HttpContext context)
   at Microsoft.AspNetCore.Authentication.AuthenticationMiddleware.Invoke(HttpContext context)
   at ComponentesIA.Middleware.ExceptionHandlingMiddleware.InvokeAsync(HttpContext httpContext) in C:\proyecto-personal\pry-IA\pryAPI\ComponentesIA\Middleware\ExceptionHandlingMiddleware.cs:line 25
2026-04-06 13:44:19.564 -05:00 [INF] Subiendo archivo rut juan pablo rios.pdf a GCS como documents/2026/04/06/183aa0fa-b567-4570-bea0-a4feb716fcc3/rut juan pablo rios.pdf
2026-04-06 13:44:20.996 -05:00 [INF] Archivo subido exitosamente: documents/2026/04/06/183aa0fa-b567-4570-bea0-a4feb716fcc3/rut juan pablo rios.pdf
2026-04-06 13:47:30.329 -05:00 [ERR] Failed executing DbCommand (26ms) [Parameters=[@p8='?' (DbType = Guid), @p0='?' (DbType = Guid), @p1='?', @p2='?' (DbType = DateTime), @p3='?', @p4='?' (DbType = Int32), @p5='?', @p6='?', @p7='?', @p9='?' (DbType = Guid), @p10='?' (DbType = Int32), @p11='?' (DbType = DateTime), @p12='?' (DbType = Guid), @p13='?', @p14='?' (DbType = DateTime), @p15='?', @p16='?', @p17='?', @p18='?' (DbType = DateTime), @p19='?', @p20='?' (DbType = Guid)], CommandType='"Text"', CommandTimeout='30']
UPDATE "DocumentFiles" SET "BatchId" = @p0, "ContentType" = @p1, "CreatedAt" = @p2, "OriginalFileName" = @p3, "PageCount" = @p4, "Sha256" = @p5, "Status" = @p6, "StoragePath" = @p7
WHERE "Id" = @p8;
INSERT INTO "ExtractionJobs" ("Id", "Attempts", "CreatedAt", "DocumentFileId", "ErrorMessage", "FinishedAt", "Model", "PromptVersion", "Provider", "StartedAt", "Status", "TemplateId")
VALUES (@p9, @p10, @p11, @p12, @p13, @p14, @p15, @p16, @p17, @p18, @p19, @p20);
2026-04-06 13:47:30.351 -05:00 [ERR] An exception occurred in the database while saving changes for context type 'ComponentesIA.Infrastructure.Persistence.AppDbContext'.
Microsoft.EntityFrameworkCore.DbUpdateException: An error occurred while saving the entity changes. See the inner exception for details.
 ---> Npgsql.PostgresException (0x80004005): 23503: inserción o actualización en la tabla «ExtractionJobs» viola la llave foránea «FK_ExtractionJobs_DocumentFiles_DocumentFileId»

DETAIL: Detail redacted as it may contain sensitive data. Specify 'Include Error Detail' in the connection string to include this information.
   at Npgsql.Internal.NpgsqlConnector.ReadMessageLong(Boolean async, DataRowLoadingMode dataRowLoadingMode, Boolean readingNotifications, Boolean isReadingPrependedMessage)
   at System.Runtime.CompilerServices.PoolingAsyncValueTaskMethodBuilder`1.StateMachineBox`1.System.Threading.Tasks.Sources.IValueTaskSource<TResult>.GetResult(Int16 token)
   at Npgsql.NpgsqlDataReader.NextResult(Boolean async, Boolean isConsuming, CancellationToken cancellationToken)
   at Npgsql.NpgsqlDataReader.NextResult(Boolean async, Boolean isConsuming, CancellationToken cancellationToken)
   at Npgsql.NpgsqlCommand.ExecuteReader(Boolean async, CommandBehavior behavior, CancellationToken cancellationToken)
   at Npgsql.NpgsqlCommand.ExecuteReader(Boolean async, CommandBehavior behavior, CancellationToken cancellationToken)
   at Npgsql.NpgsqlCommand.ExecuteDbDataReaderAsync(CommandBehavior behavior, CancellationToken cancellationToken)
   at Microsoft.EntityFrameworkCore.Storage.RelationalCommand.ExecuteReaderAsync(RelationalCommandParameterObject parameterObject, CancellationToken cancellationToken)
   at Microsoft.EntityFrameworkCore.Storage.RelationalCommand.ExecuteReaderAsync(RelationalCommandParameterObject parameterObject, CancellationToken cancellationToken)
   at Microsoft.EntityFrameworkCore.Update.ReaderModificationCommandBatch.ExecuteAsync(IRelationalConnection connection, CancellationToken cancellationToken)
  Exception data:
    Severity: ERROR
    SqlState: 23503
    MessageText: inserción o actualización en la tabla «ExtractionJobs» viola la llave foránea «FK_ExtractionJobs_DocumentFiles_DocumentFileId»
    Detail: Detail redacted as it may contain sensitive data. Specify 'Include Error Detail' in the connection string to include this information.
    SchemaName: public
    TableName: ExtractionJobs
    ConstraintName: FK_ExtractionJobs_DocumentFiles_DocumentFileId
    File: ri_triggers.c
    Line: 2619
    Routine: ri_ReportViolation
   --- End of inner exception stack trace ---
   at Microsoft.EntityFrameworkCore.Update.ReaderModificationCommandBatch.ExecuteAsync(IRelationalConnection connection, CancellationToken cancellationToken)
   at Microsoft.EntityFrameworkCore.Update.Internal.BatchExecutor.ExecuteAsync(IEnumerable`1 commandBatches, IRelationalConnection connection, CancellationToken cancellationToken)
   at Microsoft.EntityFrameworkCore.Update.Internal.BatchExecutor.ExecuteAsync(IEnumerable`1 commandBatches, IRelationalConnection connection, CancellationToken cancellationToken)
   at Microsoft.EntityFrameworkCore.Update.Internal.BatchExecutor.ExecuteAsync(IEnumerable`1 commandBatches, IRelationalConnection connection, CancellationToken cancellationToken)
   at Microsoft.EntityFrameworkCore.Storage.RelationalDatabase.SaveChangesAsync(IList`1 entries, CancellationToken cancellationToken)
   at Microsoft.EntityFrameworkCore.ChangeTracking.Internal.StateManager.SaveChangesAsync(IList`1 entriesToSave, CancellationToken cancellationToken)
   at Microsoft.EntityFrameworkCore.ChangeTracking.Internal.StateManager.SaveChangesAsync(StateManager stateManager, Boolean acceptAllChangesOnSuccess, CancellationToken cancellationToken)
   at Npgsql.EntityFrameworkCore.PostgreSQL.Storage.Internal.NpgsqlExecutionStrategy.ExecuteAsync[TState,TResult](TState state, Func`4 operation, Func`4 verifySucceeded, CancellationToken cancellationToken)
   at Microsoft.EntityFrameworkCore.DbContext.SaveChangesAsync(Boolean acceptAllChangesOnSuccess, CancellationToken cancellationToken)
Microsoft.EntityFrameworkCore.DbUpdateException: An error occurred while saving the entity changes. See the inner exception for details.
 ---> Npgsql.PostgresException (0x80004005): 23503: inserción o actualización en la tabla «ExtractionJobs» viola la llave foránea «FK_ExtractionJobs_DocumentFiles_DocumentFileId»

DETAIL: Detail redacted as it may contain sensitive data. Specify 'Include Error Detail' in the connection string to include this information.
   at Npgsql.Internal.NpgsqlConnector.ReadMessageLong(Boolean async, DataRowLoadingMode dataRowLoadingMode, Boolean readingNotifications, Boolean isReadingPrependedMessage)
   at System.Runtime.CompilerServices.PoolingAsyncValueTaskMethodBuilder`1.StateMachineBox`1.System.Threading.Tasks.Sources.IValueTaskSource<TResult>.GetResult(Int16 token)
   at Npgsql.NpgsqlDataReader.NextResult(Boolean async, Boolean isConsuming, CancellationToken cancellationToken)
   at Npgsql.NpgsqlDataReader.NextResult(Boolean async, Boolean isConsuming, CancellationToken cancellationToken)
   at Npgsql.NpgsqlCommand.ExecuteReader(Boolean async, CommandBehavior behavior, CancellationToken cancellationToken)
   at Npgsql.NpgsqlCommand.ExecuteReader(Boolean async, CommandBehavior behavior, CancellationToken cancellationToken)
   at Npgsql.NpgsqlCommand.ExecuteDbDataReaderAsync(CommandBehavior behavior, CancellationToken cancellationToken)
   at Microsoft.EntityFrameworkCore.Storage.RelationalCommand.ExecuteReaderAsync(RelationalCommandParameterObject parameterObject, CancellationToken cancellationToken)
   at Microsoft.EntityFrameworkCore.Storage.RelationalCommand.ExecuteReaderAsync(RelationalCommandParameterObject parameterObject, CancellationToken cancellationToken)
   at Microsoft.EntityFrameworkCore.Update.ReaderModificationCommandBatch.ExecuteAsync(IRelationalConnection connection, CancellationToken cancellationToken)
  Exception data:
    Severity: ERROR
    SqlState: 23503
    MessageText: inserción o actualización en la tabla «ExtractionJobs» viola la llave foránea «FK_ExtractionJobs_DocumentFiles_DocumentFileId»
    Detail: Detail redacted as it may contain sensitive data. Specify 'Include Error Detail' in the connection string to include this information.
    SchemaName: public
    TableName: ExtractionJobs
    ConstraintName: FK_ExtractionJobs_DocumentFiles_DocumentFileId
    File: ri_triggers.c
    Line: 2619
    Routine: ri_ReportViolation
   --- End of inner exception stack trace ---
   at Microsoft.EntityFrameworkCore.Update.ReaderModificationCommandBatch.ExecuteAsync(IRelationalConnection connection, CancellationToken cancellationToken)
   at Microsoft.EntityFrameworkCore.Update.Internal.BatchExecutor.ExecuteAsync(IEnumerable`1 commandBatches, IRelationalConnection connection, CancellationToken cancellationToken)
   at Microsoft.EntityFrameworkCore.Update.Internal.BatchExecutor.ExecuteAsync(IEnumerable`1 commandBatches, IRelationalConnection connection, CancellationToken cancellationToken)
   at Microsoft.EntityFrameworkCore.Update.Internal.BatchExecutor.ExecuteAsync(IEnumerable`1 commandBatches, IRelationalConnection connection, CancellationToken cancellationToken)
   at Microsoft.EntityFrameworkCore.Storage.RelationalDatabase.SaveChangesAsync(IList`1 entries, CancellationToken cancellationToken)
   at Microsoft.EntityFrameworkCore.ChangeTracking.Internal.StateManager.SaveChangesAsync(IList`1 entriesToSave, CancellationToken cancellationToken)
   at Microsoft.EntityFrameworkCore.ChangeTracking.Internal.StateManager.SaveChangesAsync(StateManager stateManager, Boolean acceptAllChangesOnSuccess, CancellationToken cancellationToken)
   at Npgsql.EntityFrameworkCore.PostgreSQL.Storage.Internal.NpgsqlExecutionStrategy.ExecuteAsync[TState,TResult](TState state, Func`4 operation, Func`4 verifySucceeded, CancellationToken cancellationToken)
   at Microsoft.EntityFrameworkCore.DbContext.SaveChangesAsync(Boolean acceptAllChangesOnSuccess, CancellationToken cancellationToken)
2026-04-06 13:47:30.495 -05:00 [ERR] Ocurrió una excepción no controlada: An error occurred while saving the entity changes. See the inner exception for details.
Microsoft.EntityFrameworkCore.DbUpdateException: An error occurred while saving the entity changes. See the inner exception for details.
 ---> Npgsql.PostgresException (0x80004005): 23503: inserción o actualización en la tabla «ExtractionJobs» viola la llave foránea «FK_ExtractionJobs_DocumentFiles_DocumentFileId»

DETAIL: Detail redacted as it may contain sensitive data. Specify 'Include Error Detail' in the connection string to include this information.
   at Npgsql.Internal.NpgsqlConnector.ReadMessageLong(Boolean async, DataRowLoadingMode dataRowLoadingMode, Boolean readingNotifications, Boolean isReadingPrependedMessage)
   at System.Runtime.CompilerServices.PoolingAsyncValueTaskMethodBuilder`1.StateMachineBox`1.System.Threading.Tasks.Sources.IValueTaskSource<TResult>.GetResult(Int16 token)
   at Npgsql.NpgsqlDataReader.NextResult(Boolean async, Boolean isConsuming, CancellationToken cancellationToken)
   at Npgsql.NpgsqlDataReader.NextResult(Boolean async, Boolean isConsuming, CancellationToken cancellationToken)
   at Npgsql.NpgsqlCommand.ExecuteReader(Boolean async, CommandBehavior behavior, CancellationToken cancellationToken)
   at Npgsql.NpgsqlCommand.ExecuteReader(Boolean async, CommandBehavior behavior, CancellationToken cancellationToken)
   at Npgsql.NpgsqlCommand.ExecuteDbDataReaderAsync(CommandBehavior behavior, CancellationToken cancellationToken)
   at Microsoft.EntityFrameworkCore.Storage.RelationalCommand.ExecuteReaderAsync(RelationalCommandParameterObject parameterObject, CancellationToken cancellationToken)
   at Microsoft.EntityFrameworkCore.Storage.RelationalCommand.ExecuteReaderAsync(RelationalCommandParameterObject parameterObject, CancellationToken cancellationToken)
   at Microsoft.EntityFrameworkCore.Update.ReaderModificationCommandBatch.ExecuteAsync(IRelationalConnection connection, CancellationToken cancellationToken)
  Exception data:
    Severity: ERROR
    SqlState: 23503
    MessageText: inserción o actualización en la tabla «ExtractionJobs» viola la llave foránea «FK_ExtractionJobs_DocumentFiles_DocumentFileId»
    Detail: Detail redacted as it may contain sensitive data. Specify 'Include Error Detail' in the connection string to include this information.
    SchemaName: public
    TableName: ExtractionJobs
    ConstraintName: FK_ExtractionJobs_DocumentFiles_DocumentFileId
    File: ri_triggers.c
    Line: 2619
    Routine: ri_ReportViolation
   --- End of inner exception stack trace ---
   at Microsoft.EntityFrameworkCore.Update.ReaderModificationCommandBatch.ExecuteAsync(IRelationalConnection connection, CancellationToken cancellationToken)
   at Microsoft.EntityFrameworkCore.Update.Internal.BatchExecutor.ExecuteAsync(IEnumerable`1 commandBatches, IRelationalConnection connection, CancellationToken cancellationToken)
   at Microsoft.EntityFrameworkCore.Update.Internal.BatchExecutor.ExecuteAsync(IEnumerable`1 commandBatches, IRelationalConnection connection, CancellationToken cancellationToken)
   at Microsoft.EntityFrameworkCore.Update.Internal.BatchExecutor.ExecuteAsync(IEnumerable`1 commandBatches, IRelationalConnection connection, CancellationToken cancellationToken)
   at Microsoft.EntityFrameworkCore.Storage.RelationalDatabase.SaveChangesAsync(IList`1 entries, CancellationToken cancellationToken)
   at Microsoft.EntityFrameworkCore.ChangeTracking.Internal.StateManager.SaveChangesAsync(IList`1 entriesToSave, CancellationToken cancellationToken)
   at Microsoft.EntityFrameworkCore.ChangeTracking.Internal.StateManager.SaveChangesAsync(StateManager stateManager, Boolean acceptAllChangesOnSuccess, CancellationToken cancellationToken)
   at Npgsql.EntityFrameworkCore.PostgreSQL.Storage.Internal.NpgsqlExecutionStrategy.ExecuteAsync[TState,TResult](TState state, Func`4 operation, Func`4 verifySucceeded, CancellationToken cancellationToken)
   at Microsoft.EntityFrameworkCore.DbContext.SaveChangesAsync(Boolean acceptAllChangesOnSuccess, CancellationToken cancellationToken)
   at Microsoft.EntityFrameworkCore.DbContext.SaveChangesAsync(Boolean acceptAllChangesOnSuccess, CancellationToken cancellationToken)
   at ComponentesIA.Application.UseCases.DocumentBatchService.CreateBatchAsync(CreateBatchDto dto, IReadOnlyList`1 files, CancellationToken ct) in C:\proyecto-personal\pry-IA\pryAPI\ComponentesIA\Application\UseCases\DocumentBatchService.cs:line 123
   at ComponentesIA.Controllers.ExtractionBatchesController.CreateBatch(CreateBatchDto dto, IReadOnlyList`1 files, CancellationToken ct) in C:\proyecto-personal\pry-IA\pryAPI\ComponentesIA\Controllers\ExtractionBatchesController.cs:line 29
   at Microsoft.AspNetCore.Mvc.Infrastructure.ActionMethodExecutor.TaskOfIActionResultExecutor.Execute(ActionContext actionContext, IActionResultTypeMapper mapper, ObjectMethodExecutor executor, Object controller, Object[] arguments)
   at Microsoft.AspNetCore.Mvc.Infrastructure.ControllerActionInvoker.<InvokeActionMethodAsync>g__Awaited|12_0(ControllerActionInvoker invoker, ValueTask`1 actionResultValueTask)
   at Microsoft.AspNetCore.Mvc.Infrastructure.ControllerActionInvoker.<InvokeNextActionFilterAsync>g__Awaited|10_0(ControllerActionInvoker invoker, Task lastTask, State next, Scope scope, Object state, Boolean isCompleted)
   at Microsoft.AspNetCore.Mvc.Infrastructure.ControllerActionInvoker.Rethrow(ActionExecutedContextSealed context)
   at Microsoft.AspNetCore.Mvc.Infrastructure.ControllerActionInvoker.Next(State& next, Scope& scope, Object& state, Boolean& isCompleted)
   at Microsoft.AspNetCore.Mvc.Infrastructure.ControllerActionInvoker.<InvokeInnerFilterAsync>g__Awaited|13_0(ControllerActionInvoker invoker, Task lastTask, State next, Scope scope, Object state, Boolean isCompleted)
   at Microsoft.AspNetCore.Mvc.Infrastructure.ResourceInvoker.<InvokeFilterPipelineAsync>g__Awaited|20_0(ResourceInvoker invoker, Task lastTask, State next, Scope scope, Object state, Boolean isCompleted)
   at Microsoft.AspNetCore.Mvc.Infrastructure.ResourceInvoker.<InvokeAsync>g__Awaited|17_0(ResourceInvoker invoker, Task task, IDisposable scope)
   at Microsoft.AspNetCore.Mvc.Infrastructure.ResourceInvoker.<InvokeAsync>g__Awaited|17_0(ResourceInvoker invoker, Task task, IDisposable scope)
   at Microsoft.AspNetCore.Authorization.AuthorizationMiddleware.Invoke(HttpContext context)
   at Microsoft.AspNetCore.Authentication.AuthenticationMiddleware.Invoke(HttpContext context)
   at ComponentesIA.Middleware.ExceptionHandlingMiddleware.InvokeAsync(HttpContext httpContext) in C:\proyecto-personal\pry-IA\pryAPI\ComponentesIA\Middleware\ExceptionHandlingMiddleware.cs:line 25
2026-04-06 13:53:13.340 -05:00 [INF] JobProcessorBackgroundService iniciado.
2026-04-06 13:53:44.382 -05:00 [INF] Subiendo archivo rut juan pablo rios.pdf a GCS como documents/2026/04/06/b9819b68-6391-4228-89af-13def713b6a7/rut juan pablo rios.pdf
2026-04-06 13:53:46.222 -05:00 [INF] Archivo subido exitosamente: documents/2026/04/06/b9819b68-6391-4228-89af-13def713b6a7/rut juan pablo rios.pdf
2026-04-06 13:53:46.458 -05:00 [INF] Encolando job "32de9af8-ae33-4a27-ba42-513cf757cc2d"
2026-04-06 13:54:02.039 -05:00 [INF] Descargando archivo desde GCS: documents/2026/04/06/b9819b68-6391-4228-89af-13def713b6a7/rut juan pablo rios.pdf
2026-04-06 13:54:03.721 -05:00 [INF] Enviando solicitud a Vertex AI (Gemini). MimeType: application/pdf
2026-04-06 13:54:05.232 -05:00 [ERR] Error no reintentable en job "32de9af8-ae33-4a27-ba42-513cf757cc2d"
Grpc.Core.RpcException: Status(StatusCode="NotFound", Detail="Publisher Model `projects/componentes-utilidades/locations/us-central1/publishers/google/models/gemini-3.1-flash-lite-preview` was not found or your project does not have access to it. Please ensure you are using a valid model version. For more information, see: https://cloud.google.com/vertex-ai/generative-ai/docs/learn/model-versions")
   at Google.Api.Gax.Grpc.ApiCallRetryExtensions.<>c__DisplayClass0_0`2.<<WithRetry>b__0>d.MoveNext()
--- End of stack trace from previous location ---
   at ComponentesIA.Infrastructure.AI.GeminiExtractionService.ExtractAsync(Byte[] fileBytes, String mimeType, String systemPrompt, String expectedJsonSchema, CancellationToken ct) in C:\proyecto-personal\pry-IA\pryAPI\ComponentesIA\Infrastructure\AI\GeminiExtractionService.cs:line 70
   at ComponentesIA.Application.UseCases.ExtractionJobProcessor.ProcessAsync(Guid jobId, CancellationToken ct) in C:\proyecto-personal\pry-IA\pryAPI\ComponentesIA\Application\UseCases\ExtractionJobProcessor.cs:line 82
2026-04-06 14:16:32.448 -05:00 [INF] JobProcessorBackgroundService iniciado.
2026-04-06 14:18:09.537 -05:00 [INF] Subiendo archivo rut juan pablo rios.pdf a GCS como documents/2026/04/06/6ccc141d-0983-44e7-9682-f398ecc042ad/rut juan pablo rios.pdf
2026-04-06 14:18:57.930 -05:00 [INF] Archivo subido exitosamente: documents/2026/04/06/6ccc141d-0983-44e7-9682-f398ecc042ad/rut juan pablo rios.pdf
2026-04-06 14:18:58.058 -05:00 [INF] Encolando job "6ccf1958-f20b-45e3-b508-6eb578d1c900"
2026-04-06 14:18:59.198 -05:00 [INF] Descargando archivo desde GCS: documents/2026/04/06/6ccc141d-0983-44e7-9682-f398ecc042ad/rut juan pablo rios.pdf
2026-04-06 14:19:00.109 -05:00 [INF] Enviando solicitud a Vertex AI (Gemini). MimeType: application/pdf
2026-04-06 14:19:58.893 -05:00 [ERR] Error no reintentable en job "6ccf1958-f20b-45e3-b508-6eb578d1c900"
Grpc.Core.RpcException: Status(StatusCode="NotFound", Detail="Publisher Model `projects/componentes-utilidades/locations/us-central1/publishers/google/models/gemini-2.0-flash-lite` was not found or your project does not have access to it. Please ensure you are using a valid model version. For more information, see: https://cloud.google.com/vertex-ai/generative-ai/docs/learn/model-versions")
   at Google.Api.Gax.Grpc.ApiCallRetryExtensions.<>c__DisplayClass0_0`2.<<WithRetry>b__0>d.MoveNext()
--- End of stack trace from previous location ---
   at ComponentesIA.Infrastructure.AI.GeminiExtractionService.ExtractAsync(Byte[] fileBytes, String mimeType, String systemPrompt, String expectedJsonSchema, CancellationToken ct) in C:\proyecto-personal\pry-IA\pryAPI\ComponentesIA\Infrastructure\AI\GeminiExtractionService.cs:line 70
   at ComponentesIA.Application.UseCases.ExtractionJobProcessor.ProcessAsync(Guid jobId, CancellationToken ct) in C:\proyecto-personal\pry-IA\pryAPI\ComponentesIA\Application\UseCases\ExtractionJobProcessor.cs:line 82
2026-04-06 14:59:21.176 -05:00 [INF] JobProcessorBackgroundService iniciado.
2026-04-06 15:00:31.260 -05:00 [INF] Subiendo archivo rut juan pablo rios.pdf a GCS como documents/2026/04/06/f6e9c703-7eaf-462b-ac96-4f6d102c9719/rut juan pablo rios.pdf
2026-04-06 15:00:34.183 -05:00 [INF] Archivo subido exitosamente: documents/2026/04/06/f6e9c703-7eaf-462b-ac96-4f6d102c9719/rut juan pablo rios.pdf
2026-04-06 15:00:34.384 -05:00 [INF] Encolando job "93297cac-16c7-4692-9181-c3bebda471b2"
2026-04-06 15:00:36.683 -05:00 [INF] Descargando archivo desde GCS: documents/2026/04/06/f6e9c703-7eaf-462b-ac96-4f6d102c9719/rut juan pablo rios.pdf
2026-04-06 15:00:40.742 -05:00 [INF] Enviando solicitud a Vertex AI (Gemini). MimeType: application/pdf
2026-04-06 15:00:43.514 -05:00 [ERR] Error no reintentable en job "93297cac-16c7-4692-9181-c3bebda471b2"
Grpc.Core.RpcException: Status(StatusCode="NotFound", Detail="Publisher Model `projects/componentes-utilidades/locations/us-central1/publishers/google/models/gemini-2.0-flash-lite-001` was not found or your project does not have access to it. Please ensure you are using a valid model version. For more information, see: https://cloud.google.com/vertex-ai/generative-ai/docs/learn/model-versions")
   at Google.Api.Gax.Grpc.ApiCallRetryExtensions.<>c__DisplayClass0_0`2.<<WithRetry>b__0>d.MoveNext()
--- End of stack trace from previous location ---
   at ComponentesIA.Infrastructure.AI.GeminiExtractionService.ExtractAsync(Byte[] fileBytes, String mimeType, String systemPrompt, String expectedJsonSchema, CancellationToken ct) in C:\proyecto-personal\pry-IA\pryAPI\ComponentesIA\Infrastructure\AI\GeminiExtractionService.cs:line 70
   at ComponentesIA.Application.UseCases.ExtractionJobProcessor.ProcessAsync(Guid jobId, CancellationToken ct) in C:\proyecto-personal\pry-IA\pryAPI\ComponentesIA\Application\UseCases\ExtractionJobProcessor.cs:line 82
2026-04-06 15:20:40.334 -05:00 [INF] JobProcessorBackgroundService iniciado.
2026-04-06 15:21:28.613 -05:00 [INF] Subiendo archivo rut juan pablo rios.pdf a GCS como documents/2026/04/06/3d861c7e-b338-4143-8c7b-8993b7ceafd7/rut juan pablo rios.pdf
2026-04-06 15:22:07.176 -05:00 [ERR] Error subiendo archivo rut juan pablo rios.pdf a GCS
System.Net.Http.HttpRequestException: Se produjo un error durante el intento de conexión ya que la parte conectada no respondió adecuadamente tras un periodo de tiempo, o bien se produjo un error en la conexión establecida ya que el host conectado no ha podido responder. (oauth2.googleapis.com:443)
 ---> System.Net.Sockets.SocketException (10060): Se produjo un error durante el intento de conexión ya que la parte conectada no respondió adecuadamente tras un periodo de tiempo, o bien se produjo un error en la conexión establecida ya que el host conectado no ha podido responder.
   at System.Net.Sockets.Socket.AwaitableSocketAsyncEventArgs.ThrowException(SocketError error, CancellationToken cancellationToken)
   at System.Net.Sockets.Socket.AwaitableSocketAsyncEventArgs.System.Threading.Tasks.Sources.IValueTaskSource.GetResult(Int16 token)
   at System.Net.Sockets.Socket.<ConnectAsync>g__WaitForConnectWithCancellation|285_0(AwaitableSocketAsyncEventArgs saea, ValueTask connectTask, CancellationToken cancellationToken)
   at System.Net.Http.HttpConnectionPool.ConnectToTcpHostAsync(String host, Int32 port, HttpRequestMessage initialRequest, Boolean async, CancellationToken cancellationToken)
   --- End of inner exception stack trace ---
   at Google.Apis.Http.ConfigurableMessageHandler.SendAsync(HttpRequestMessage request, CancellationToken cancellationToken)
   at System.Net.Http.HttpClient.<SendAsync>g__Core|83_0(HttpRequestMessage request, HttpCompletionOption completionOption, CancellationTokenSource cts, Boolean disposeCts, CancellationTokenSource pendingRequestsCts, CancellationToken originalCancellationToken)
   at Google.Apis.Auth.OAuth2.Requests.RequestExtensions.PostFormAsync(Object request, HttpClient httpClient, String url, AuthenticationHeaderValue authenticationHeaderValue, IClock clock, ILogger logger, CancellationToken taskCancellationToken)
   at Google.Apis.Auth.OAuth2.Flows.AuthorizationCodeFlow.FetchTokenAsync(String userId, TokenRequest request, CancellationToken taskCancellationToken)
   at Google.Apis.Auth.OAuth2.Flows.AuthorizationCodeFlow.RefreshTokenAsync(String userId, String refreshToken, CancellationToken taskCancellationToken)
   at Google.Apis.Auth.OAuth2.UserCredential.RefreshTokenAsync(CancellationToken taskCancellationToken)
   at Google.Apis.Auth.OAuth2.TokenRefreshManager.RefreshTokenAsync()
   at Google.Apis.Auth.TaskExtensions.<>c__DisplayClass0_0`1.<<WithCancellationToken>g__ImplAsync|0>d.MoveNext()
   at Google.Apis.Auth.OAuth2.TokenRefreshManager.<GetAccessTokenForRequestAsync>g__LogException|10_0(Task task)
   at Google.Apis.Auth.OAuth2.TokenRefreshManager.GetAccessTokenForRequestAsync(CancellationToken cancellationToken)
   at Google.Apis.Auth.OAuth2.UserCredential.GetAccessTokenWithHeadersForRequestAsync(String authUri, CancellationToken cancellationToken)
   at Google.Apis.Auth.OAuth2.UserCredential.InterceptAsync(HttpRequestMessage request, CancellationToken taskCancellationToken)
   at Google.Apis.Http.ConfigurableMessageHandler.CredentialInterceptAsync(HttpRequestMessage request, CancellationToken cancellationToken)
   at Google.Apis.Http.ConfigurableMessageHandler.SendAsync(HttpRequestMessage request, CancellationToken cancellationToken)
   at System.Net.Http.HttpClient.<SendAsync>g__Core|83_0(HttpRequestMessage request, HttpCompletionOption completionOption, CancellationTokenSource cts, Boolean disposeCts, CancellationTokenSource pendingRequestsCts, CancellationToken originalCancellationToken)
   at Google.Apis.Upload.ResumableUpload`1.InitiateSessionAsync(CancellationToken cancellationToken)
   at Google.Apis.Upload.ResumableUpload.UploadAsync(CancellationToken cancellationToken)
   at Google.Apis.Upload.UploadProgress.ThrowOnFailure(IUploadProgress progress)
   at Google.Cloud.Storage.V1.StorageClientImpl.UploadHelper.ExecuteAsync(CancellationToken cancellationToken)
   at ComponentesIA.Infrastructure.Storage.GcsDocumentStorageService.UploadAsync(Stream fileStream, String fileName, String contentType, CancellationToken ct) in C:\proyecto-personal\pry-IA\pryAPI\ComponentesIA\Infrastructure\Storage\GcsDocumentStorageService.cs:line 29
   at ComponentesIA.Application.UseCases.DocumentBatchService.CreateBatchAsync(CreateBatchDto dto, IReadOnlyList`1 files, CancellationToken ct) in C:\proyecto-personal\pry-IA\pryAPI\ComponentesIA\Application\UseCases\DocumentBatchService.cs:line 86
2026-04-06 15:22:07.510 -05:00 [ERR] Ocurrió una excepción no controlada: Se produjo un error durante el intento de conexión ya que la parte conectada no respondió adecuadamente tras un periodo de tiempo, o bien se produjo un error en la conexión establecida ya que el host conectado no ha podido responder. (oauth2.googleapis.com:443)
System.Net.Http.HttpRequestException: Se produjo un error durante el intento de conexión ya que la parte conectada no respondió adecuadamente tras un periodo de tiempo, o bien se produjo un error en la conexión establecida ya que el host conectado no ha podido responder. (oauth2.googleapis.com:443)
 ---> System.Net.Sockets.SocketException (10060): Se produjo un error durante el intento de conexión ya que la parte conectada no respondió adecuadamente tras un periodo de tiempo, o bien se produjo un error en la conexión establecida ya que el host conectado no ha podido responder.
   at System.Net.Sockets.Socket.AwaitableSocketAsyncEventArgs.ThrowException(SocketError error, CancellationToken cancellationToken)
   at System.Net.Sockets.Socket.AwaitableSocketAsyncEventArgs.System.Threading.Tasks.Sources.IValueTaskSource.GetResult(Int16 token)
   at System.Net.Sockets.Socket.<ConnectAsync>g__WaitForConnectWithCancellation|285_0(AwaitableSocketAsyncEventArgs saea, ValueTask connectTask, CancellationToken cancellationToken)
   at System.Net.Http.HttpConnectionPool.ConnectToTcpHostAsync(String host, Int32 port, HttpRequestMessage initialRequest, Boolean async, CancellationToken cancellationToken)
   --- End of inner exception stack trace ---
   at Google.Apis.Http.ConfigurableMessageHandler.SendAsync(HttpRequestMessage request, CancellationToken cancellationToken)
   at System.Net.Http.HttpClient.<SendAsync>g__Core|83_0(HttpRequestMessage request, HttpCompletionOption completionOption, CancellationTokenSource cts, Boolean disposeCts, CancellationTokenSource pendingRequestsCts, CancellationToken originalCancellationToken)
   at Google.Apis.Auth.OAuth2.Requests.RequestExtensions.PostFormAsync(Object request, HttpClient httpClient, String url, AuthenticationHeaderValue authenticationHeaderValue, IClock clock, ILogger logger, CancellationToken taskCancellationToken)
   at Google.Apis.Auth.OAuth2.Flows.AuthorizationCodeFlow.FetchTokenAsync(String userId, TokenRequest request, CancellationToken taskCancellationToken)
   at Google.Apis.Auth.OAuth2.Flows.AuthorizationCodeFlow.RefreshTokenAsync(String userId, String refreshToken, CancellationToken taskCancellationToken)
   at Google.Apis.Auth.OAuth2.UserCredential.RefreshTokenAsync(CancellationToken taskCancellationToken)
   at Google.Apis.Auth.OAuth2.TokenRefreshManager.RefreshTokenAsync()
   at Google.Apis.Auth.TaskExtensions.<>c__DisplayClass0_0`1.<<WithCancellationToken>g__ImplAsync|0>d.MoveNext()
   at Google.Apis.Auth.OAuth2.TokenRefreshManager.<GetAccessTokenForRequestAsync>g__LogException|10_0(Task task)
   at Google.Apis.Auth.OAuth2.TokenRefreshManager.GetAccessTokenForRequestAsync(CancellationToken cancellationToken)
   at Google.Apis.Auth.OAuth2.UserCredential.GetAccessTokenWithHeadersForRequestAsync(String authUri, CancellationToken cancellationToken)
   at Google.Apis.Auth.OAuth2.UserCredential.InterceptAsync(HttpRequestMessage request, CancellationToken taskCancellationToken)
   at Google.Apis.Http.ConfigurableMessageHandler.CredentialInterceptAsync(HttpRequestMessage request, CancellationToken cancellationToken)
   at Google.Apis.Http.ConfigurableMessageHandler.SendAsync(HttpRequestMessage request, CancellationToken cancellationToken)
   at System.Net.Http.HttpClient.<SendAsync>g__Core|83_0(HttpRequestMessage request, HttpCompletionOption completionOption, CancellationTokenSource cts, Boolean disposeCts, CancellationTokenSource pendingRequestsCts, CancellationToken originalCancellationToken)
   at Google.Apis.Upload.ResumableUpload`1.InitiateSessionAsync(CancellationToken cancellationToken)
   at Google.Apis.Upload.ResumableUpload.UploadAsync(CancellationToken cancellationToken)
   at Google.Apis.Upload.UploadProgress.ThrowOnFailure(IUploadProgress progress)
   at Google.Cloud.Storage.V1.StorageClientImpl.UploadHelper.ExecuteAsync(CancellationToken cancellationToken)
   at ComponentesIA.Infrastructure.Storage.GcsDocumentStorageService.UploadAsync(Stream fileStream, String fileName, String contentType, CancellationToken ct) in C:\proyecto-personal\pry-IA\pryAPI\ComponentesIA\Infrastructure\Storage\GcsDocumentStorageService.cs:line 29
   at ComponentesIA.Application.UseCases.DocumentBatchService.CreateBatchAsync(CreateBatchDto dto, IReadOnlyList`1 files, CancellationToken ct) in C:\proyecto-personal\pry-IA\pryAPI\ComponentesIA\Application\UseCases\DocumentBatchService.cs:line 86
   at ComponentesIA.Controllers.ExtractionBatchesController.CreateBatch(CreateBatchDto dto, IReadOnlyList`1 files, CancellationToken ct) in C:\proyecto-personal\pry-IA\pryAPI\ComponentesIA\Controllers\ExtractionBatchesController.cs:line 29
   at Microsoft.AspNetCore.Mvc.Infrastructure.ActionMethodExecutor.TaskOfIActionResultExecutor.Execute(ActionContext actionContext, IActionResultTypeMapper mapper, ObjectMethodExecutor executor, Object controller, Object[] arguments)
   at Microsoft.AspNetCore.Mvc.Infrastructure.ControllerActionInvoker.<InvokeActionMethodAsync>g__Awaited|12_0(ControllerActionInvoker invoker, ValueTask`1 actionResultValueTask)
   at Microsoft.AspNetCore.Mvc.Infrastructure.ControllerActionInvoker.<InvokeNextActionFilterAsync>g__Awaited|10_0(ControllerActionInvoker invoker, Task lastTask, State next, Scope scope, Object state, Boolean isCompleted)
   at Microsoft.AspNetCore.Mvc.Infrastructure.ControllerActionInvoker.Rethrow(ActionExecutedContextSealed context)
   at Microsoft.AspNetCore.Mvc.Infrastructure.ControllerActionInvoker.Next(State& next, Scope& scope, Object& state, Boolean& isCompleted)
   at Microsoft.AspNetCore.Mvc.Infrastructure.ControllerActionInvoker.<InvokeInnerFilterAsync>g__Awaited|13_0(ControllerActionInvoker invoker, Task lastTask, State next, Scope scope, Object state, Boolean isCompleted)
   at Microsoft.AspNetCore.Mvc.Infrastructure.ResourceInvoker.<InvokeFilterPipelineAsync>g__Awaited|20_0(ResourceInvoker invoker, Task lastTask, State next, Scope scope, Object state, Boolean isCompleted)
   at Microsoft.AspNetCore.Mvc.Infrastructure.ResourceInvoker.<InvokeAsync>g__Awaited|17_0(ResourceInvoker invoker, Task task, IDisposable scope)
   at Microsoft.AspNetCore.Mvc.Infrastructure.ResourceInvoker.<InvokeAsync>g__Awaited|17_0(ResourceInvoker invoker, Task task, IDisposable scope)
   at Microsoft.AspNetCore.Authorization.AuthorizationMiddleware.Invoke(HttpContext context)
   at Microsoft.AspNetCore.Authentication.AuthenticationMiddleware.Invoke(HttpContext context)
   at ComponentesIA.Middleware.ExceptionHandlingMiddleware.InvokeAsync(HttpContext httpContext) in C:\proyecto-personal\pry-IA\pryAPI\ComponentesIA\Middleware\ExceptionHandlingMiddleware.cs:line 25
2026-04-06 15:58:19.825 -05:00 [INF] JobProcessorBackgroundService iniciado.
2026-04-06 16:02:28.282 -05:00 [INF] Subiendo archivo rut juan pablo rios.pdf a GCS como documents/2026/04/06/0d64335c-4ea0-48b7-898e-ba9da1a07539/rut juan pablo rios.pdf
2026-04-06 16:02:30.221 -05:00 [INF] Archivo subido exitosamente: documents/2026/04/06/0d64335c-4ea0-48b7-898e-ba9da1a07539/rut juan pablo rios.pdf
2026-04-06 16:02:30.408 -05:00 [INF] Encolando job "507dee3e-55b3-4601-a898-fe02b24345cc"
2026-04-06 16:02:32.467 -05:00 [INF] Descargando archivo desde GCS: documents/2026/04/06/0d64335c-4ea0-48b7-898e-ba9da1a07539/rut juan pablo rios.pdf
2026-04-06 16:02:33.757 -05:00 [INF] Enviando solicitud a Vertex AI (Gemini). MimeType: application/pdf
2026-04-06 16:02:33.768 -05:00 [INF] Vertex AI endpoint: Project=componentes-utilidades, Location=us-central1, Publisher=google, Model=gemini-1.5-flash → projects/componentes-utilidades/locations/us-central1/publishers/google/models/gemini-1.5-flash
2026-04-06 16:02:35.273 -05:00 [ERR] Error no reintentable en job "507dee3e-55b3-4601-a898-fe02b24345cc"
Grpc.Core.RpcException: Status(StatusCode="NotFound", Detail="Publisher Model `projects/componentes-utilidades/locations/us-central1/publishers/google/models/gemini-1.5-flash` was not found or your project does not have access to it. Please ensure you are using a valid model version. For more information, see: https://cloud.google.com/vertex-ai/generative-ai/docs/learn/model-versions")
   at Google.Api.Gax.Grpc.ApiCallRetryExtensions.<>c__DisplayClass0_0`2.<<WithRetry>b__0>d.MoveNext()
--- End of stack trace from previous location ---
   at ComponentesIA.Infrastructure.AI.GeminiExtractionService.ExtractAsync(Byte[] fileBytes, String mimeType, String systemPrompt, String expectedJsonSchema, CancellationToken ct) in C:\proyecto-personal\pry-IA\pryAPI\ComponentesIA\Infrastructure\AI\GeminiExtractionService.cs:line 78
   at ComponentesIA.Application.UseCases.ExtractionJobProcessor.ProcessAsync(Guid jobId, CancellationToken ct) in C:\proyecto-personal\pry-IA\pryAPI\ComponentesIA\Application\UseCases\ExtractionJobProcessor.cs:line 82
